id,comment
1,&nbsp; 首先金领冠珍护，伊利大品牌值得信赖！包装好，密封完整，配方好，除基本营养成分外，还含有OPO、DHA、牛磺酸等额外添加，并且奶源好，来自新西兰！ 选择奶粉有五大技巧。一是试手感。用手指捏住奶粉包装袋来回摩擦，真奶粉质地细腻，会发出吱吱声，假奶粉由于添加绵白糖，葡萄糖等成分，颗粒较粗，会发出沙沙的流动声。 二是辨颜色。真奶粉呈天然乳黄色，假奶粉颜色较白，细看有结晶，和光泽，有的会呈现漂白色，或者有其他不自然的颜色。 三是闻气味，这款奶粉口感好，微甜，溶解快，宝宝爱喝，奶味特别浓，是完全符合一份真正的好奶粉的需求，宝宝喜欢喝，大人也放心！ 支持伊利，支持京东自营！！！！！！！
2,金领冠从一段吃到四段，挺好的。金领冠奶粉，奶粉捏起来滋滋响，外观颗粒都比较均匀，粉质很有光泽。奶粉粉质松散，乳黄色，口感细腻，微甜，腥味比较淡！一罐一码可以精准的追溯！富有opo结构脂，减少皂化钙。营养很好吸收。含有bid复核益生菌，宝宝肚肚舒畅，不哭闹。
3,买过买过30多罐了，能优惠点吗？宝宝出生到现在一直吃的珍护1、包装好，密封完整； 2、配方好，除基本营养成分外，还含有OPO、DHA、牛磺酸等额外添加； 3、奶源好，来自新西兰； 4、口感好，微甜，溶解快，宝宝爱喝。 这罐被我颠了好多下以测试密封性，所以罐口都是奶粉，溶解度很好，基本没有挂壁，自己尝了下，微甜，奶味挺足的，口感不错，宝宝也爱喝。 拍照拍的不是很好，见谅，使用感受都是真实的感想，分享给大家。
4,"1、宝宝一直在喝伊利珍护，护肠道好吸收。
2、宝贝一直吃这个，从一岁就开始吃，东西非常好，奶粉，比一般的都要好，然后宝宝吃了之后非常聪明，很喜欢这个味道。
3、非常好的奶粉，孩子喝着也行，不上火，味道不错。
4、一直喝的这个奶粉，现在都有点消不住了，宝宝都快两岁了，几乎四到五天一桶呀，伤不起。
5、三阶段一直给宝贝买的这款，感觉不错。
6、宝宝一直喝这个牌子，伊利一直是我的首选。过去看到好多品牌的婴儿奶粉出过问题，只有伊利没有，想要给宝宝好点的奶粉，这款虽然贵点，但觉得值。
7、性价比不错，宝宝一直喝这款奶粉，不错。
8、添加1,3-二油酸-2棕榈酸甘油三酯(OPO结构脂)，可以让宝宝排便更轻松，预防宝宝上火，增强宝宝抵抗力的。
9、新出了4段，年龄层区分的更细，非常赞。包装升级，更人性化了，无论锡箔纸设计还是勺子，都实用了更多。
10、牛奶挺好的，质量也不错。女儿喝了也没什么不好的反应。
11、宝宝戒奶后一直喝伊利珍护的!比实体店实惠!买一次过启赋的宝宝不喝!已关注电铺会回购的!相信国产牛奶!
12、这个奶粉从半岁起吃，感觉挺喜欢吃。
1"
5,家里现在宝宝开始吃饭了，奶粉作为辅助，一天喝个2.3次，奶粉还是支持国产，国产选择伊利金领冠，各方面相对比较好，宝宝也很喜欢喝，淡淡奶香。奶粉很细腻，溶解性也很好，加水一摇就溶解了。味道不错，易吸收。促成长，自营奶粉不错，值得购买。
6,以前用过的，好久没用了，现在好像换包装了，试试的态度，结果还是可以的，老公头皮屑比较多的，洗完了很清爽，不油腻，喜欢的宝宝赶紧，下手吧。一下买了两瓶，都是不同的功效，洗完头发很柔顺，很清香，不用护发素都行
7,"营养配方：进口奶源，其他营养配比也合理
消化吸收：宝宝喝了消化吸收的很好，大便也很好很正常
清火功效：宝宝喝了一段时间了，没上火
溶解性：很好溶解，摇晃几下就可以了
其他特色：我尝了尝，奶香味很浓，宝宝说好喝，很喜欢喝，宝宝之前喝的别的奶粉，换成这个宝宝很喜欢喝。会一直喝下去。"
8,"正品验证：用手机扫描罐子底部二维码，能正常扫描，并且有积分入账。
溶解性：女儿从断奶就开始吃这款奶粉，家里面买了一个保温器，刚好50度的水，最容易就溶解了，不浪费。
消化吸收：吸收非常很好，想给女儿试吃一下别的奶粉，结果肠胃可能不吸收，吃了两天酒又换回来了。"
9,"正品验证：是正品，扫码确认
营养配方：除了基本营养外，还含有OPO，DHA，牛磺酸等额外添加，并且奶源也好，来自新西兰。
消化吸收：从怀孕就准备的金领冠珍护，宝宝出生后喝珍护不上火也不便秘也不腹泻，非常好
其他特色：口感好，微调，腥味比较淡，奶粉粉质松散，乳黄色，很细腻。"
10,下面说说选择这款奶粉的原因：1、包装好，密封完整；2、配方好，除基本营养成分外，还含有 OPO 、 DHA 、牛磺酸等额外添加；3、奶源好，来自新西兰；4、口感好，微甜，溶解快，宝宝爱喝。这罐被我颠了好多下以测试密封性，所以罐口都是奶粉，溶解度很好，基本没有挂壁，自己尝了下，微甜，奶味挺足的，口感不错，宝宝也爱喝。拍照拍的不是很好，见谅，使用感受都是真实的感想，分享给大家。
1,宝宝出生到现在一直吃的珍护1、包装好，密封完整； 2、配方好，除基本营养成分外，还含有OPO、DHA、牛磺酸等额外添加； 3、奶源好，来自新西兰； 4、口感好，微甜，溶解快，宝宝爱喝。 这罐被我颠了好多下以测试密封性，所以罐口都是奶粉，溶解度很好，基本没有挂壁，自己尝了下，微甜，奶味挺足的，口感不错，宝宝也爱喝。 拍照拍的不是很好，见谅，使用感受都是真实的感想，分享给大家。
2,大宝一直都喝的金领冠，二宝出生后，开始戒奶后一直喝伊利珍护的!伊利是国产奶粉里面最信任的一个品牌，比实体店实惠!还经常有活动，相信国产牛奶!也选择伊利金领冠珍护，不上火，奶粉很细腻，溶解性也很好，加水一摇就溶解了。易吸收，孩子各项成长指标都不错，也很喜欢这个味道。口感细腻香甜，京东自营，正品保证，营养丰富，包装严实，没有破损，日期新鲜。
3,"这是第4次购买了，下面说说选择这款奶粉的原因: 1、包装好，密封完整。
 2、配方好，除基本营养成分外，还含有0PO、
DHA、牛磺酸等额外添加; 
3、奶源好，来自新西兰。
4、口感好，微甜，溶解快，宝宝爱喝。这罐被我
颠了好多下以测试密封性，所以罐口都是奶粉，溶解
度很好，基本没有挂壁，自己尝了下，微甜，奶味挺
足的，口感不错，宝宝也爱喝。拍照拍的不是很好，
见谅，使用感受都是真实的感想，分享给大家。"
4,一直都是买的金领冠，价格相对较贵，质量相对较好，宝宝也很喜欢喝，就没有再换过了。奶粉很细腻，溶解性也很好，加水一摇就溶解了。味道有点偏甜，易吸收。不过现在宝宝开始吃饭了，奶粉作为辅助，一天喝3&mdash;4次，还不错，值得购买
5,宝宝从出生一直到现在喝的都是珍护，时间证明，宝宝长的很健康，身体健硕，很感谢伊利把这样一款产品带给销费者。都说国外奶粉安全，上次看了伊利直播，上面介绍了伊利的生产工厂，真感慨国内企业强大了，安全性很高，支持伊利
6,伊利奶粉，非常非常好，大品牌，含有乳铁蛋白，提高免疫力，含dha提高智商，宝宝从小到大都是吃伊利奶粉，宝宝抵抗力强，身体棒，珍护4段，去了之后，宝宝不在，便秘。5星好评，京东快递在非常时期，快递员非常敬业，5星好评谢谢快递员送到。致敬！
7,"正品验证：瓶底有二维码验真伪，已扫二维码是正品。
营养配方：配方齐全，除了基本婴儿需要的营养成分外还有DHA、OPO等，可以让宝宝排便更轻松，来自新西兰奶好。
溶解性：口感好，微甜，遇水即溶，宝宝爱喝，溶解度很好，基本没有挂壁，自己尝了下，奶味挺足的，口感不错，这罐被我颠了好多下已测试密封性，使用感受都是真实的感想，分享给大家"
8,"正品验证：正品
营养配方：配方全面
消化吸收：吸收好，消化好，宝宝吃了不便秘
清火功效：不上火
溶解性：速溶，不结坨
其他特色：支持国产，很强大，购买n次，宝宝喜欢吃，不加蔗糖不加香精，是我给宝宝的首选，"
9,宝宝一直在喝这一款珍护奶粉。刚收到快递的时候，包装特别好，密封很完整哦。伊利珍护奶粉的配方号，奶源也挺好的，来自于新西兰。宝宝很喜欢喝，奶粉很容易溶解，然后营养好吸收， 感觉挺好的，一直在喝这款奶粉，嗯，值得推荐给各位宝妈哟。
10,口感细腻香甜，京东自营，正品保证，营养丰富，消化很好，吸收也不错，溶解性很强，宝宝吃的也特别多，特别可爱的就是搂着奶粉罐直接干吃，特别感谢快递小哥，最近疫情严重，都封路了，进不来，很耐心的等我，非常感谢，
1,给宝宝喝了几天才过来评论的。已经扫码，是正品，这款奶粉营养均衡，容易吸收，容易冲泡，没有挂壁现象，口感很好，宝宝很喜欢喝。包装严实，没有破损，日期新鲜。在疫情这么严重的情况下，送货速度很快，点赞！喝完肯定还会回购的。
2,"正品验证：朋友 打电话至伊利官方电话查询，得到的回答是说是正品。
营养配方：挺好的，反正我家娃并没有另外再补充什么营养剂，就正常吃饭喝奶粉
消化吸收：挺好的，抵抗力还挺好，很少生病感冒
清火功效：不上火，小朋友没有 出现过便秘现象
溶解性：很好，温水泡也不挂壁不沉淀。"
3,宝宝之前喝的澳洲爱他美，后面有点担心买到假货就决定换国产，在飞鹤和金领冠中纠结，最后朋友推荐选择了金领冠，宝宝喝的很好，不上火，便便不干，在京东买性价比也不错，比超市便宜好多，也方便，还时不时有礼品送，以后都喝金领冠了
4,"正品验证：底部可扫码验证，百分百正品。
消化吸收：容易吸收，宝宝也没有出现消化不良的现象，也没有出现拉肚子等现象。
清火功效：从开始喝到现在没有出现过上火现象，应该挺不错的吧。
溶解性：溶解性非常好，加到水里摇一摇，轻松溶解。
其他特色：个人感觉挺不错哦，宝宝又喜欢喝。"
5,伊利金领冠，溶解性好。价格适中，宝宝爱喝，还不上火，营养配方很全面，适合宝宝娇嫩肠胃吸收，消化易吸收，宝宝不上火
6,"正品验证：伊利金领冠一直都是个口碑好质量好的牌子，我们很信赖它。
营养配方：&alpha;?&beta;蛋白，创**白好吸收，含有四种核苷酸，宝宝小肚子很能适应。
消化吸收：含有复合益生菌，小肚肚舒畅，营养好吸收。
清火功效：清火效果很明显，宝宝喝完奶粉后不上火。
溶解性：溶解性非常好，摇晃几下奶粉都溶解了。"
7,宝宝一岁了，现在喝到三段，很不错的奶粉，以前是母乳，偶尔掺点儿伊利奶粉，那个时候喝的不太多。现在断奶了之后，宝宝就接着喝了，喝了还不错。我看到很多人说喝奶粉上火，这款奶粉喝着没怎么上火。以后继续购买，为孩子补充营养。
8,"正品验证：大牌有保障，专为中国宝宝设计的奶粉。
营养配方：非常的有营养，非常适合宝宝的脾胃，保护宝宝娇弱的肠胃，吃了不上火，肠胃非常的好。
消化吸收：消化吸收非常的好，非常的容易消化。
清火功效：很清火，宝宝吃了一点也不会上火。
溶解性：溶解性非常的好，溶解的特别快。"
9,9年前我家大宝儿子吃的就是金领冠，当时孩子吃的就很好，孩子吃得非常胖，上学了也聪明，当时网购还没这么方便，都是实体店买，现在真是太方便了，网京东上优惠也大，配送速度也快，当天下单，第二天就能收到货。这老二闺女没出生我就给她准备上金领冠，冲时容易溶解，这吃了10多天，宝宝不排斥，喝了不上火，孩子大便也好，吸收也是非常好，宝宝爱喝。
10,伊利大品牌，宝宝一直吃这个品牌，这个奶粉的味道比较清淡，当时宝宝母乳转奶粉的时候喝了这个，很轻松就转奶粉了，一直喝了几个月了，宝宝消化好，每天都有便便，吸收也很好，宝宝长得很健康，不会像很多奶粉宝宝长的超级胖，宝妈可以放心买，因为可以追溯奶源的，正品大品牌，信得过。
1,金领冠1段买了很多次，孩子母乳不够吃，刚好抢到店铺优惠券啦，赶紧囤上几罐，还有赠品，算下来很划算。我家大宝儿子吃的就是金领冠，当时孩子吃的就很好，孩子吃得非常胖，上学了也聪明，当时网购还没这么方便，都是实体店买，现在真是太方便了，网京东上优惠也大，配送速度也快，当天下单，第二天就能收到货。这老二闺女没出生我就给她准备上金领冠，容易溶解，这吃了30多天，宝宝不排斥，喝了不上火，孩子大便也好，吸收也是非常好。
2,"正品验证：相信是正品，京东星店长定制版，包装很好，很满意，赠品掌心吹风机试用了一下也很满意
营养配方：不错
消化吸收：宝宝吃了一个月这款奶粉了，很适合，不拉肚子，大便也正常。
清火功效：没有上火的情况出现。
溶解性：我家奶瓶每次喝完很干净，溶解不错。
其他特色：其他特色值得说的一点应该就是放勺子了，可以放口子上，很方便。"
3,国产奶粉品牌里最信任的一个品牌了，适合中国宝宝喝的奶粉，口感很好，不怎么甜，溶解也很好，不挂壁也不会成块，宝宝喝了一段时间了，抵抗力也好，吸收也好，长的很快，肉眼可见的那种裤子变短了。900装的更好，自带勺子，405没有配勺子，更不方便一点
4,"正品验证：官网积分3段110分
营养配方：有opo益生菌，宝宝肠胃不好，喝飞鹤老是腹泻，换了珍护就没有腹泻了
消化吸收：宝宝吃了之后长肉肉了
清火功效：没有上火
溶解性：不挂壁
其他特色：价格很便宜，有活动七百3罐送2罐小的，一箱舒化牛奶，一箱瓶装安慕希，很划算，一次买了2套"
5,"营养配方：很好喝  宝宝喝完很健康
消化吸收：吸收的也不错 粑粑不干燥
溶解性：轻轻摇晃 溶解不错
其他特色：10岁外女说好喝"
6,"正品验证：已验证是正品，可积分，我还用积分换购了一口颜值非常高的小奶锅
营养配方：还是很全面的，我家宝吃这个奶粉从来没有另外补充什么营养剂，体检各方面指标都很好
消化吸收：好吸收，小朋友长的挺快
溶解性：泡的时候没有发现挂壁无沉淀，不需要大力摇晃，轻轻搓奶瓶就能溶解均匀
清火功效：不上火，宝宝没有便秘过"
7,"最近给宝宝戒奶宝宝很喜欢喝正好赶上做活动就囤了许多
消化吸收：里面含益生菌宝宝喝了之后消化吸收的很好
溶解性：溶解性也很好遇水就会化了不会出现疙瘩"
8,"正品验证：伊利官方正品二维码识别扫描查验真伪。
营养配方：新西兰牧场牛奶，营养均衡，搭配合理。
消化吸收：小孩子一直在喝伊利系列奶粉，很容易消化吸收的。
清火功效：小孩子喝了之后，一点都不上火，而且也特别喜欢的。
溶解性：温水冲服，特别容易溶解。
其他特色：京东自营的商品，货真价实。"
9,宝宝断奶以后一直喝这个奶，每天540毫升，没有上火，温水入水以后溶解性特别好，直接就能够溶解。有朋友推荐进口的给我，我对比一看，其实进口的刨去关税所购买的还不如这个奶粉贵，我也在大超市里面对比了，金领冠都是非常畅销的奶粉，值得点赞
10,"正品验证：正品京东自营质量有保障
营养配方：我家宝贝一直喝这个系列的 从一段到四段了 大品牌值的信赖
消化吸收：奶源产地新西兰 特别添加DHA牛磺酸等
清火功效：口味比较清淡 宝贝喝了不上火 
溶解性：溶解性很好 基本不挂壁
其他特色：配方除基本营养之外 还有OPO口感好微甜 溶解性快宝贝爱喝 总之宝贝爱喝就会回购 娃上幼儿园早上加米粉一起充就吃饱了 省的做早餐了 总之方便"
1,"正品验证：底部有二维码可以验证正品。
消化吸收：易消化，也很容易吸收。我的宝宝非常喜欢喝，每天睡觉前都必须喝，没喝就再闹。
清火功效：买了这么多，喝了这么久都没上火，我觉得挺不错哦。
溶解性：非常好溶解，加好奶粉后轻轻的摇几下就可以溶解了，真的挺不错的，推荐哦。"
2,"正品验证：伊利幼儿配方奶粉，奶粉桶底部二维码扫描识别真伪，还可以查产地来自哪里。
营养配方：营养均衡，配方独特，真正的好奶粉。
消化吸收：宝宝喝了之后，很容易消化吸收的。
清火功效：小孩子喝了一点都不上火的。
溶解性：温水冲泡，溶解性特别好。
其他特色：京东自营的商品，价格优惠。"
3,"正品验证：会员俱乐部积分兑换礼品，是正品呦！
营养配方：添加了宝宝需要的多种营养成分，满足身体发育需求，非常的棒！
消化吸收：宝宝没有出现便秘的情况，吸收很好！
其他特色：口味香甜，奶香味十足哦！价格比超市便宜！送货速度快！
溶解性：很快溶于水中，没有颗粒，只需轻轻摇晃就能冲出细腻的奶了！"
4,"正品验证：日期很近期
营养配方：还是原来的配方
消化吸收：宝宝喝没有便秘
清火功效：没出现上火现象
溶解性：几款奶粉中这款最后好泡的
其他特色：宝宝爱喝才是买对了"
5,"正品验证：扫瓶底的二维码，积分在爱儿俱乐部是可以充值的，是正品。
营养配方：配方好，除基本营养成分外，还含有 OPO 、 DHA 、牛磺酸等额外添加；奶源好，来自新西兰。
溶解性：奶粉细腻，口感好，溶解快，宝宝爱喝      已经买了好多次了，因为特殊时期，但是快递丝毫没有减速，第二天就到了，奶粉非常不错，大宝一直喝金领冠系列，目前还在喝四段，值得信赖，二宝果断还选伊利，换了珍护系列，宝宝喝着非常好，大便软软的很正常，喝珍护不上火，大家快来选购吧！"
6,这个伊利是国产奶粉里面最信任的一个品牌，是个中国宝宝喝的奶粉，口感非常不错，也不怎么甜，溶解也很快，不挂壁也不会成块，宝宝喝了一段时间了，吸收很好，也没有什么不良反应，大便正常，很爱喝！非常不错！一直很信赖京东，物流给力，售后服务也从来没让失望过，会一直支持下去，也希望你们越做越好，总之很满意。后期喝完再来回购。
7,断奶期完美度过，非常好，宝宝喜欢喝。大品牌信得过，闻起来也不腥。宝宝断奶后，还涨了一斤肉，哈哈。之前我家宝宝特别抵触奶粉，没想到现在会这么喜欢喝奶粉，断奶后心里总是有点不放心，喝奶粉也能保证一下营养全面。
8,珍护奶粉宝宝一直都在吃，很好吸收，味道清单，宝宝爱吃，也不上火，溶解性特别好，遇水就化
9,"正品验证：产品底部有积分码和追溯码，已经验证是正品。认准伊利母婴京东自营旗舰店，官方店铺不会有假的。
营养配方：营养全面。适合0到6岁各个阶段的宝宝。
消化吸收：消化好吸收快，实现母乳到奶粉的无缝衔接。
清火功效：富含opo，不上火，不便秘。
溶解性：溶解很快。只需要轻轻摇晃。"
10,"正品验证：京东自营我从不怀疑质量，绝对正品
营养配方：这款奶粉我关注很久了，好多宝马用后都说不错
消化吸收：宝宝很容易消化吸收
清火功效：还不错，没发现上火
溶解性：溶解性还不错，轻轻的转动几下子，感觉都完全溶解了
其他特色：没想到国产奶粉也做的这么棒，支持国产，中国加油！"
1,"正品验证：喝了快一年的珍护，全都是京东买的，打电话伊利客服说京东的伊利奶粉可以放心买
营养配方：配方好，适合中国宝宝喝，我家妞喝国外的奶粉就拉肚子的
消化吸收：好吸收的，小朋友免疫力各方面都还好的
清火功效：不上火，没有发生过便秘现象
溶解性：溶解性真的很好，温水溶解一点都不挂壁的"
2,宝宝非常喜欢喝金领冠奶粉，味道好好溶解，宝宝喝了还不上火，大便很正常，宝宝非常喜欢喝，每次在京东自营买金领冠，给宝宝喝，和实体店的一样，实体店的非常贵，对比过一样的，一直信赖京东自营，继续回购金领冠?
3,伊利金领冠珍护奶粉大品牌值得拥有，包装好日期新。宝宝从出生到现在一直吃这个，营养配方全面，消化吸收好，长了不少肉肉了。吃这个不上火不便秘，每天排便都很有规律 金黄色的。客服态度很好，618大促之间价格很实惠，囤了不少货，而且送的礼品也很多。谢谢卖家必须赞赞赞！
4,"正品验证：伊利民族品牌，正品二维码扫描识别验试。
营养配方：营养均衡、丰富，4段适合3-6岁的宝宝食用的。
消化吸收：小孩喝了很容易消化吸收。
清火功效：小孩子长时间食用，一点都不上火。
溶解性：温水冲服，很容易溶于水。
其他特色：京东自营的商品，比超市实体店里边的卖的便宜。"
5,"正品验证：绝对正品
营养配方：配方全面，营养均衡
消化吸收：宝宝吸收好，每天早中晚三瓶奶，宝宝喝的很开心
清火功效：没有出现上火，一直都很好，已经买了十多桶了，每次宝宝到时间就要拿着奶瓶主动要奶喝
溶解性：遇水即化，没有疙瘩，轻轻摇一摇就溶解了
其他特色：包装很好，双层的隔膜包装，而且这个勺子设计的也很好用，每次直接卡在瓶盖就不容易混到奶粉里面，很用心的设计"
6,很不错的奶粉，宝宝很喜欢喝，是正品，已经是第二次给宝宝买了，宝宝天天晚上都吵着要喝奶，针对稍大的宝宝，这个真的很棒，现在宝宝吃饭，奶粉基本就是用来给他加餐的，很不错的，我觉得下次还要来买的，很值得推荐！！
7,"正品验证：通过官方认证是正品，积分兑换正常
营养配方：营养配方合理，各种营养添加合理
消化吸收：宝宝从小喝到大，消化吸收很好
清火功效：宝宝喝了不上火，肠胃吸收好
其他特色：通过与其他奶粉对比发现，金领冠奶粉有很大的优势，宝宝喝了不上火，营养配方合理，宝宝肠胃对奶粉吸收好"
8,"正品验证：大品牌值得信赖，从孩子三个月一直吃到现在
营养配方：孩子现在1岁四个月，吃珍护睡得香，营养足，孩子长的快
消化吸收：孩子消化吸收珍护系列每次拉臭臭和小便都很规律，而且臭臭既不干也不稀
溶解性：溶解速度非常快，不会成坨，基本上温度在46度左右能够实现快速溶解，孩子喝着也不会觉得烫"
9,"正品验证：没有进行真伪查询，相信京东平台的质量管理，应该不会出现质量问题，希望值得信赖！
营养配方：营养成分很丰富，配方也比较均衡，适合1-3岁的宝宝喝的一款奶粉。
消化吸收：这款伊利金领冠珍护系列奶粉应该比较容易消化吸收，具体效果怎么样不太清楚！
清火功效：清货功效没有发现。
溶解性：溶解性很好，很容易遇水溶解！"
10,其他特色：第三次购买吃这个牌子，吸收好，也不会便秘，主要是有opo和益生元，宝宝很喜欢喝，以前喝美素力经常上火，五六天拉一次，吃了这款几乎每天都拉一次，不会上火，而且宝宝身体越长越好了，奶粉还是国产的好，以后就一直吃这个牌子了
1,"正品验证：桶底二维码扫描验视，百分百伊利奶粉正品。
营养配方：配方独特，适合中国宝宝的体质，营养丰富。
消化吸收：宝宝喝了特别容易消化吸收。
清火功效：小孩一直在喝这个奶粉，一点都不上火。
溶解性：温水冲泡，很容易融化。
其他特色：京东自营的商品，比超市实体店优惠力度大，而且送货特别及时。"
2,宝宝一直在吃，很好的，吸收好，而且属于京东自营，吃着也放心，物流也很给力，当天下单，当天就送回来了，看着奶粉黄黄的，也很细腻，奶粉勺子设计也是很独特，属于折叠式的，用起来很方便。值得买，品质可以放心，有保障。
3,包装完好，发货快，送货上门，服务态度非常好，配方营养，添加多种有益元素，好消化吸收，溶解性好，孩子喜欢喝
4,"包装好，配方好，奶源好，口感好，基本没有挂壁，很好溶解，微甜，宝宝爱喝，宝宝吸收很好，便便也很好，没有奶瓣，奶味挺足的，自己尝了尝，很不错，有OPO,DHA,牛磺酸等额外添加，配的有勺子，很方便，很好不错"
5,宝贝从出生一直喝的这款伊利金领冠珍护奶粉，营养全面，容易消化吸收，每次物流也非常快，奶粉底部有追溯码和积分码，可以在伊利公用号溯源和积分，不仅保证奶粉的正品验证，还可以通过积分领取奶粉，给宝贝买着放心，安心。宝宝身体棒棒是当妈妈最开心的事了。
6,"正品验证：有追溯码，积分码。是正品
营养配方：近母乳配方，好吸收。 
清火功效：含有母乳营养成分opo.不上火不便秘。从出生就喝的这款。从来没有上火便秘过
溶解性：溶解性也非常好
其他特色：直播间购买。还会有好多的赠品。还可以参加抽奖。每天14点晚七点基本都有直播，需要购买的可以到直播间购买。福利多多。玩具都不用再花钱买了"
7,这是第三次买金顶冠奶粉，包装特别好，密封很完整哦。伊利珍护奶粉的配方号，奶源也挺好的，来自于新西兰。宝宝很喜欢喝，奶粉很容易溶解，然后营养好吸收， 宝宝吃的白白胖胖很可爱，感觉挺好的，一直在喝这款奶粉，嗯，值得推荐给各位宝妈哟。
8,听朋友说这是国产奶粉品牌里最信任的一个品牌了，适合中国宝宝喝的奶粉，口感比较很好，溶解也很好，不挂壁也不会成块，宝宝喝了一段时间了，抵抗力也好，吸收也好，就一直给她吃这款奶粉。网上购买的900g的，相信京东，应该是正品，还是比较划算的，非常的满意！
9,"我是给我外甥买的，外甥喜欢喝,冲泡容易,奶瓶也很好清洗,赠的小小的两罐，携带很方便，外甥就喜欢喝这个牌子的奶粉，冲泡很细腻，比超市便宜很多，新注册会员还赠2罐小的，京东快递很快，第二天就到了，很满意的一次购物"
10,这是第三次买金顶冠奶粉了，宝宝从满月后一直喝的珍护，奶粉是淡黄色的，闻起来有奶香味，喝起来也香，宝宝自从喝了这款后一天一两次大便，也不上火，也没拉稀，放在奶瓶里，也非常迅速的溶解了，不起泡，易冲调，希望大家也和我交流珍护奶粉好不好
1,金领冠珍护，伊利大品牌值得信赖，送货也太快了，中午订货，晚上就到了。还含有牛磺酸，DHA和ARA，等营养成份。马上要给宝宝断奶，希望她能适应这个味道，还没吃过，也不知道爱不爱吃。他们都说这个牌的很好，希望宝宝爱吃。效期特别新。
2,"其他特色：
我家宝宝2个半月了，一直喝的金领冠奶粉，宝宝很喜欢喝，没有任何不良反应。
奶粉配方营养是最接近母乳，有助于宝宝吸收，不上火。
而且溶解时没有任何挂壁的情况，溶解速度快，我自己偿了下口感很好?
自己也一直喝伊利的酸奶，牛奶，伊利大品牌值得信赖。"
3,宝宝80天，喝珍护有一段时间了，我感觉喝了珍护后宝宝大便睡觉都挺好的，珍护的包装也比较好，设计更贴心，勺子带有折叠功能，用起来很方便，双十一时买珍护好优惠，现在涨价了，我还是买了，希望多多有活动，降价，给予消费者一定实惠，奶粉是一笔好大的开销啊，每次都是今天下单次日达，快递小哥很好
4,"营养配方：宝宝白胖粉白
消化吸收：粑粑不干燥
溶解性：轻轻摇晃  溶解很好
其他特色：19岁外女也说好喝"
5,"正品验证：伊利奶粉，桶装底部二维码识别真伪，百分百正品。
营养配方：配方独特，营养均衡，丰富，适合中国宝宝体质。
消化吸收：宝宝喝了之后容易消化吸收的。
清火功效：小孩喝了一点都不上火。
溶解性：温水冲泡，溶解性特别好。
其他特色：京东自营的商品，货真价实，物流很快，送货上门。"
6,一直买买金领冠奶粉，包装特别好，密封很完整哦。伊利珍护奶粉的配方奶源好的，来自于新西兰。宝宝很喜欢喝，奶粉很容易溶解，然后营养好吸收， 宝宝吃的白白胖胖很可爱，感觉挺好的，一直在喝这款奶粉，嗯，值得推荐给各位宝妈哟。
7,已经扫过码了，伊利金领冠为正品奶粉，宝宝从出生到现在一直都吃的是金领冠，现在吃的是第四段，创新配方，科学营养，配方搭配很合理，宝宝吃了不上火，吸收好，特别添加了复合益生菌，四段含膳食纤维，富含钙，铁，锌。
8,"消化吸收：宝宝吃了这个奶粉后，大便颜色变正常了。每天一次，很好消化吸收，之前吃别的牌子。自从吃了这个效果更好。
清火功效：也不上火。很多宝妈都给宝宝买清火之类的，我从来都没有买过。
溶解性：溶解性很好。吃完奶瓶里没有挂壁。
正品验证：宝宝的奶粉一直在京东买的，忠实的关注着，相信京东。千万不要辜负了我们宝妈的这份信任。"
9,买了很多次了，儿子从3段一直喝到4段，奶味很纯，不甜，每顿要喝250毫升，京东自营买的很信赖，日期都是很新鲜的，谢谢！
10,"清火功效：和清清宝一起使用不上火
消化吸收：消化吸收还不错，每天一次粑粑
其他特色：有积分可以兑换礼品
溶解性：很容易溶解，不会有疙瘩。
正品验证：已经验证是正品，可以查看检验合格证，以及检验人员信息，还有检验日期。
上次是搞活动抢了4罐，孩子一罐喝一星期。一次150ml水5勺奶粉"
1,从出生一直吃伊利金领冠，一直信赖伊利。宝宝很喜欢喝，吸收好。消化好，对消化有帮助。嗯，京东物流客服非常好。京东买方便放心。快捷方便，客服退换都非常的方便。相信京东信赖京东。有活动会一直从京东买奶粉。基本上所有的东西都是京东。
2,"正品验证：每次收到货以后，第一步就是扫二维码验证真伪。每次都没让失望。
营养配方：还是喜欢国产的奶粉，更适合宝宝，增重特别好
消化吸收：消化吸收好，没有出现拉肚子或者便秘的情况
清火功效：奶粉味道比较清淡，也木有出现上火的情况
其他特色：京东速度一直很赞，还有保价功能"
3,趁着有活动买了好多奶粉，价格优惠。孩子一直喝这个奶粉，还不错，快递第二天就到了很快，服务也很周到，奶粉一直在京东自营买，觉得会很放心，我家老大也喝金领冠珍护，但是喝的是4段，她很挑食，只能喝奶粉补补了，老二喝的是2段的，现在十个月了，以后是不是要囤3段的了，总之，很满意，会一直在京东买，满意。
4,"给孩子一直在用伊利这个牌子，孩子也比较喜欢，选择好奶粉有五大技巧。一是试手感。用手指捏住奶粉包装袋来回摩擦，真奶粉质地细腻，会发出&ldquo;吱吱&rdquo;声;假奶粉由于掺有绵白糖、 葡萄糖 等成分，颗粒较粗，会发出&ldquo;沙沙&rdquo;的流动声。二是辨颜色。真奶粉呈天然乳黄色。假奶粉颜色较白，细看有结晶和光泽。有的假奶粉会呈现漂白色，或者有其他不自然的颜色。三是闻气味。打开包装，真奶粉有 牛奶 特有的浓郁的乳香味;假奶粉乳香甚淡，甚至根本没有乳香味。四是尝味道。真奶粉细腻发黏，易粘在牙齿、舌头和上颚部，溶解较快，且无糖的甜味，加糖奶粉除外。假奶粉放入口中很快溶解，不粘牙，很甜。五是看溶解速度。真奶粉放入杯中，用冷开水冲，需经搅拌才能溶解成乳白色浑浊液。假奶粉即使不搅拌也能自动溶解或发生沉淀。
正品验证：绝对正品"
5,昨天下单一大早就收到了，买了无数次奶粉了，对于经常写评论&hellip;&hellip;，为了挣豆豆，京东物流很快，3段，4段转奶了，孩子大了，
6,金领冠珍护奶粉真的好，吃了快一年了，冲奶从来没有出现过奶块，急速融化，孩子吃着也很棒，不积奶，伊利大品牌就是好。值得购买，京东的价格也很美丽，物美价廉，每次都有活动。京东送货速度很快，基本上只需一天。感谢伊利和京东。
7,伊利金领冠的奶粉，买的是900克的，来买了好多次了，京东自营的品质值得放心，奶粉不容易结块，溶解的也很快，奶粉的味道还是挺喜欢，以前用别的牌子，孩子大小便的时候很费事，尤其是大便，很容易便秘，用了这个牌子的奶粉，大小便很方便，很正常，特别的好，奶香味淡淡的，孩子也挺喜欢喝，浪费的也比较少，以后合适继续来买，谢谢
8,"正品验证：可以溯源
营养配方：含有opo，多种营养成分，宝宝从小一直都在吃的奶粉，好吸收，不上火，喝这款奶粉孩子免疫力也很高，不爱生病的，还有赠品哦。"
9,"金领冠珍护，我们家从一段开始购买的，一段的时候大概吃了十多桶的样子，孩子比较能吃，开始在沃尔玛超市购买，再后来看到京东上面也有，就开始在京东购买了，整体不错。日期都得非常的新，京东小哥的配送也非常及时，很不错，五星好评。
正品验证：应该是的
营养配方：跟不错
消化吸收：基本没有奶瓣
清火功效：还可以
溶解性：不错，很快溶解
其他特色：整体不错"
10,"正品验证：对比三段的奶粉味道相同，奶质量很好
其他特色：积分系统网购的不能参与积分，二维码查询是正品
营养配方：对比三段的配方有差异，和实体店卖的四段的是一样的，口粮奶粉伊利的不错
清火功效：喝着不上火，大小便都通畅
溶解性：五十度左右的水，随手晃几晃就充分溶解，不存在结块的现象
消化吸收：好， 伊利大品牌值得信赖"
1,"正品验证：二宝吃的奶粉一直是在京东买的，最初喝的是伊利睿护，然后是珍护，现在又给大宝买珍护4段，早就验证过了，是正品，因为相信京东，所以一直在京东自营买奶粉。
营养配方：珍护的配方特别好，OPO结构脂，益生菌，核苷酸，这些都是对孩子健康成长特别好的营养成分。喝这款奶粉易消化，不易上火。
溶解性：这款奶粉溶解性很好，不粘奶粉勺，不挂壁。"
2,"非常好宝宝很喜欢喝
正品验证：正品无忧
营养配方：精准配方
消化吸收：容易吸收
清火功效：喝了大便不硬"
3,小孩出生一直用伊利金领冠，中间换过一次其它牌子，用后婴儿拉肚子，换回来就好了，可能转奶过程快了，为了宝宝的什身体健康，后来就没再换牌子了。奶粉原料来自新西兰，很细腻，冲奶粉不结快，富含益百分，含核苷酸等特殊营养配方，现在小宝宝肠胃很好，长的很健壮，每天都要喝过奶才能入睡，很满意，现在宝宝已两岁了，还会继续喝下去
4,支持伊利，支持京东自营！！！！！！！金领冠珍护，伊利大品牌值得信赖！包装好，密封完整，配方好，除基本营养成分外，还含有OPO、DHA、牛磺酸等额外添加，并且奶源好，来自新西兰！ 选择奶粉有五大技巧。一是辨颜色。真奶粉呈天然乳黄色，假奶粉颜色较白，细看有结晶，和光泽，有的会呈现漂白色，或者有其他不自然的颜色。 二是试手感。用手指捏住奶粉包装袋来回摩擦，真奶粉质地细腻，会发出吱吱声，假奶粉由于添加绵白糖，葡萄糖等成分，颗粒较粗，会发出沙沙的流动声。 三是闻气味，这款奶粉口感好，微甜，溶解快，宝宝爱喝，奶味特别浓，是完全符合一份真正的好奶粉的需求，宝宝喜欢喝，大人也放心！
5,现在一直用这家的金领冠奶粉，二宝已经吃到第四段了，一般一个月左右买一次，三桶奶粉，奶粉不上火，不便秘，容易消化，宝宝智力非常好，非常聪明！除了基因好强大，还有就应该感谢奶粉！相信京东自营品牌！相信国产的大品牌！
6,一直买的伊利金领冠的婴儿奶粉，喝起来又有营养，又不会上火，口味口感都很不错的！新包装更安全，更卫生，更方便了也非常的防潮湿！保证小孩子的饮食安全！京东的配送速度也是非常的快，服务态度也很好，价格也很实在！推荐
7,孩子从小到大一直以来都在喝金领冠，国产大品牌值的信赖，奶粉口感很好，不是很甜，也没有很腥的味道，营养全面每回趁活动都会囤货，不光奶粉很多东西都在京东自营购买，发货快售后好服务好，现在京东店庆又买了很多东西，很满意
8,"正品验证：奶粉桶底部二维码扫描识别真伪，货真价实。
营养配方：针对中国宝宝设计的营养配方奶粉，小孩子特别喜欢吃的。
消化吸收：小孩喝了挺容易消化吸收的。
清火功效：喝了一点都不上火。
溶解性：温水冲泡很容易溶仪。
其他特色：京东自营的商品，包装完好无损，物流速度，送货及时。"
9,也是第一次给宝宝用这款奶粉，之前用a2和蓝臻多一些，用起来宝宝也是蛮喜欢的，感觉比以前吃的更多了一些。首先，京东购物，真品保证我是比较认可的，快递也是很快，很及时。价格的话，是活动家，感觉比较划算了，点赞。下次再等活动时候囤一箱，现在是先给宝宝试吃几个月。
10,"正品验证：相信京东自营的东西，经常在京东买东西
营养配方：齐全
消化吸收：孩子好吸收，不拉肚子，不便秘
清火功效：不上火
溶解性：超好溶解，奶粉加在水里摇一下就可以
其他特色：孩子出生就吃这款奶粉，买了好几次，每次价格不一样，这次才发现直播间可以领券购买，太划算了，这样平均一罐才260，之前一罐280都觉得便宜，没想到还可以更优惠，还送了2瓶180和一箱酸奶，太开心了，后期再囤奶粉。"
1,我家宝宝出生到现在一直都喝伊利奶粉，没有不良反应，吸收也不错，口味清淡，喝起来非常好，配方全面，很适合宝宝，一岁之前在实体店实，一岁后就开始在京东商城网购，价格很实惠，而且都是正品，买的放心，每罐奶粉上面都有追溯码可以查询，并且还可以自己积分，下单送货也很快，太赞啦！
2,伊利大牌子，值得信赖，以前小孩喝过至少三款奶粉，要不上火，要不就不喝了，最后都给扔掉了，心疼啊，后来换成这款奶粉，喝了有一个多月了吧，目前没发现上火等不良症状，小孩特别喜欢喝，每天都要着奶粉喝，做父母的我们也特别高兴，毕竟奶粉的营养成分还是高啊。还有京东自营的东西我也比较信任，是正品，希望京东不要让老客户失望啊，物流超级快，送货的帅哥服务态度也特别好，最后还是希望京东越做越好。
3,宝宝吃了几个月了，吃的胖胖的，吸收特别好，而且属于京东自营，吃着也放心，物流也很给力，当天下单，当天就送回来了，看着奶粉质量特别好，也很细腻，奶粉勺子设计也是很独特，属于折叠式的，用起来很方便。值得买，品质可以放心，有保障。
4,一直购买伊利金领冠的奶粉，大品牌值得信赖孩纸喝的放心，孩子现在开始吃饭了奶粉做为辅助，一天吃个两次，奶粉含有各种营养物质所需，提高免疫力，不得不说京东快递能在这个特殊时期送货真的很敬业啊，绝对的好评。。。
5,"选择奶粉是有技巧的
1.手感，真奶粉质地细腻，会发出吱吱的声音，假奶粉由于添加绵白糖，葡萄糖等成分，颗粒较粗，会发出沙沙的声音。
2.颜色，真奶粉颜色乳黄色，假奶粉颜色偏白
3.气味，这款奶粉口感好，微甜，溶解快，宝宝爱你喝，奶味特别浓，宝宝爱喝，大人放心，建议购买"
6,"正品验证：正不正品我真的不知道，但我已经买了很多很多。
营养配方：开房的话我相信吧，我只能相信国产还有国企。
消化吸收：话还是行的，每天都能拉一到两次屎。
清火功效：嗯，不会上火，基本上不会上火，没什么的哈，都是很正常。
溶解性：溶解性很好，溶解性很好特别好。
其他特色：希望增加一点就是他的胃口，我小孩胃口特别不好，挑食希望能得到解决。"
7,京东自营官方旗舰店购买，金领冠珍护1段，基本没活动。自出生以来一直喝这个，中间换了一次奶粉，不懂宝宝转奶还有说道，直接就给换了，结果拉稀超严重。奶粉换回来就好了。最近过年了，关注活动，天天看，有活动就买，囤货中！
8,这款奶粉是姐姐推荐的，她家小孩就是吃的这款奶粉，生之前姐姐在买奶粉的店里帮我拿了一罐180克的试用装，没想到自己没奶水，宝宝爱吃这款奶粉，就一直在京东上购买，国产奶粉最信赖的一个品牌了，适合中国宝宝喝的奶粉，口感很好，不怎么甜，溶解也很好不挂壁也不成块，京东物流很给力，京东自营产品更让人放心
9,非常好  孩子从小到大一直喝的金领冠 一直从京东买的，现在喝到4段了，偶尔也喝喝3段，倒替喝，感觉不错，日期也很新鲜，多做点活动哈
10,伊利金领冠珍护较大婴儿配方奶粉，智赋益佰分，原料全脂奶粉来源于新西兰，含核苷酸，富含多种维生素，矿物质，碳酸钙，硫酸亚铁，硫酸锌，硫酸铜，碘化钾，亚硒酸钠，易冲泡，好溶解，不易上火易于消化吸收，宝宝爱喝，很不错
1,宝宝从出生第一口就吃的金领冠珍护，一直到现在9个月了，还是很喜欢吃。体重增长的特别棒，经常被小区里的宝妈们羡慕，经常被请教饮食的问题。主要还是奶粉的功劳，宝宝消化也好，很少拉肚子便秘。也特别感谢京东速度，没奶粉了，火速能送到家。
2,金领冠从一段一直吃，挺好的。金领冠奶粉，奶粉捏起来喜滋滋的响，外观颗粒都比较均匀，粉质很有光泽。奶粉粉质松散，乳黄色，口感细腻，微甜，腥味比较淡！一罐一码可以精准的追溯！富有OPO结构脂，营养很好吸收。喊有bid宝宝肚肚舒畅，不哭闹
3,断奶的宝宝开始不愿意喝奶粉，买过几个牌子都不喝，然后尝试买了金领冠珍护，宝宝开始慢慢接受奶粉了。打开有淡淡的奶香味，味道挺淡的，适合宝宝，我一直都想买一款口味清淡的奶粉！珍护适合，已经喝了一段时间了，这次是复购的！直播间抢的优惠券购买，很实惠，还得了一些赠品。京东买奶粉放心
4,"营养配方：宝宝一直喝这个牌子的，相信国产大品牌
消化吸收：很好吸收，好消化
溶解性：不易结块，很好冲泡"
5,儿子自打吃二段就一直吃的珍护，这款奶粉香甜可口，儿子很爱吃，个子长得比同龄宝宝显得健壮些，奶粉营养很好，当时研究了许多奶粉才选择了这款伊利金领冠珍护。无论是奶粉还是包装，都可见伊利的高品质，就连奶粉勺都可以加长，不用每次奶粉少了再伸手里面去够。
6,"正品验证：来货后打开扫码验证是正品。从京东买东西就是很放心。速度也很快，第2天收到了
溶解性：大部分是很容易溶解的
清火功效：孩子吃完后没有出现上火的迹象。一直吃这个牌子的很放心。
营养配方：营养很全面。
消化吸收：很容易吸收，孩子的便便很正常
其他特色：小罐吃起来更方便，更容易保存以后吃的多了可以买大罐的。"
7,"正品验证：绝对的大品牌，正品保证，国产大牌子值得信赖。
营养配方：非常的有营养，非常适合中国宝宝的体质，为中国宝宝打造的好奶粉。
溶解性：溶解性非常的好，先加入水，再加入奶粉，晃几下，奶粉就都化了。
其他特色：包装也非常的高大上，物流也非常的快，头天下单，第二天就能到。"
8,"昨天下单今天就到了，京东速度没得说，品质有保障，这个特殊时期，辛苦快递员了，
消化吸收：一直用这个系列，宝宝喜欢，消化很好，大便正常
溶解性：溶解性也不错，按照配方调和很好溶解
正品验证：可以积分，正品也保障。
其他特色：京东很给力，希望更多优惠。"
9,奶粉非常好，价格很划算，大厂家生产，品质优，质量有保障，奶粉细腻，可低温冲泡，溶解度高，冲泡后没有奶块，口味接近于母乳，营养全面，非常适合婴幼儿食用，京东自营产品，正品有保障，物流速度快，解决了购买上大难题。
10,奶粉收到了，快递好快呀，真没想到，扫描了二维码是正品，和我在店里买的一样，谢谢客服，态度很好，值得信任，以后就在你家买了，以前都是在超市母婴店买，很远，现在正好，包邮到家，不用跑那么远了，还有优惠，奶粉味道宝宝非常喜欢，消化吸收。
1,"宝宝现在三个月了 出生到现在一直吃的珍护
1、包装好，密封完整；2、配方好，除基本营养成分外，还含有OPO DHA、牛磺酸等额外添加；3、奶源好，来自新西兰；4、口感好，微甜，溶解快，宝宝爱喝。溶解度很好，基本没有挂壁，自己尝了下，微甜，奶味挺足的，口感不错，宝宝也爱喝。使用感受都是真实的感想，分享给大家。"
2,"配方很好，营养全面，搭配比例均衡合理，还有天然营养元素opo，宝宝长身体全靠金领冠了，信赖京东。
宝宝从生下来一直喝金领冠，这次还送了两箱奶作为赠品，很合适，也很实惠，宝宝喝了不上火，便便也正常，会一直喝下去"
3,挑选了很久，选了伊利的金领冠珍护，原料来源新西兰，在4段奶粉里价格算是偏贵的，国产配方，适合国人，信任伊利，信任京东，日期比较新，所以趁京东做活动多买了几罐。刚开始怕小孩不喝，后来发现小孩很喜欢，这款奶粉易冲泡，没有奶瓣，闻着挺香的，哈哈
4,"宝宝开始喝的飞鹤星阶优护。但是好像有点不吸收。老是拉的时候很多，有点稀，喝了两个月以后果断换了，听朋友介绍说金领冠奶粉不错，这是我给宝宝买的第二桶，喝了以后感觉还不错，好吸收，味道也不错，宝宝是十一个月了，没有不爱喝的迹象！到现在为止，拉的也好多啦，是稠便便?，一天一次，非常欣慰！以后就喝金领冠珍护啦，现在宝宝喝的是二段，再买1桶，就该喝三段啦！我家宝宝大概15天一桶！
京东的物流很快，服务态度很好！"
5,今天刚收到，立马打开看了一下，非常棒，跟我在超市买的一样，我也特意尝了一下，也差不多，积分110分，一切都正常，很满意，等有活动，继续囤货，以后就不用去实体店买了，实体店一桶比我这个贵四五十呢
6,下单第二天就收到，京东快递一直非常信赖，包装也完好无损，自从孩子断奶以后，一直喝伊利的奶粉，大品牌质量也有保障，能补充孩子发育所需要的营养，孩子喝作为家长也放心，奶香味道香浓，孩子非常喜欢喝，搭配京东红包京豆下单，比实体店优惠很多，非常划算。一如既往地满意，估计不需要几天又要买新的。
7,品质就不用验证了，每次都是在京东购买的，品质都没有问题，孩子喝着很好，里面的配方也一直都不错。孩子喝这个奶从来没有消化不好或者吸收不好，嗯，主要从大便的情况来看，一直都很好，没有拉肚子或者是便秘的情况。溶解性也挺好的，先放好温水，然后放奶粉，基本上自己会慢慢的融开，或者用手稍微搓两下就会融开，不会有奶疙瘩。
8,趁着京东搞活动，又给孩子买了一箱金领冠珍护，孩子一直在吃金领冠珍护，效果很好，伊利大品牌，臻护系列也属于中高端，孩子吃着我放心，而且是京东自营产品，价格也很好，比实体店好很多。京东的送货速度也是非常快的，隔天就能送到，很棒。
9,"正品验证：一直在京东上买的，能积分，是正品。
消化吸收：珍护主打易消化，适合肠胃虚弱的宝宝。
溶解性：很好溶解，稍微晃一下就好了。
这次趁搞活动买的，价格很便宜啊，还送了两箱牛奶和两听小装的，真的特别划算！我们家从小就喝这款奶粉，喝了一年多了。"
10,快吃完了才来评价，差点忘了还有积分呢，日期很近，小孩一直吃这个，昨天又下单了两听，宝宝3周岁了该换儿童配方奶粉了，长大了！！！
1,奶粉物流很快，很快就收到了，包装也很好，快递小哥送到家门口，好评！第一次买这个牌子的奶粉，价格实惠，而且奶粉也很细腻，好溶解，宝宝喜欢喝。与之前喝的牌子比泡沫要少很多，而且一罐有900g很实惠。日期也比较新鲜。
2,"正品验证：正品
营养配方：易吸收
宝贝收到了，快递好快呀，真没想到，扫描了二维码是正品，谢谢客服，态度很好，值得信任，以后就在你家买了，孩子很喜欢喝，一直喝他家牌子，金领冠很适合宝宝体质，容易吸收，溶解性好，青火好，不上火。还会继续回购！"
3,买过买过20多罐了，宝宝出生到现在一直吃的珍护1、包装好，密封完整；2、配方好，除基本营养成分外，还含有 OPO 、 DHA 、牛磺酸等额外添加；3、奶源好，来自新西兰；4、口感好，微甜，溶解快，宝宝爱喝。这罐被我颠了好多下以测试密封性，所以罐口都是奶粉，溶解度很好，基本没有挂壁，自己尝了下，微甜，奶味挺足的，口感不错，宝宝也爱喝。拍照拍的不是很好
4,伊犁金领冠，宝宝出生42天，因为工作原因，就开始纯奶粉喂养，宝宝很爱喝，每天大便也很正常，金领冠还是宝宝出生前朋友推荐，然后网上搜索，评论也很好，现在宝宝七个月，身高76.5公分，体重20斤，小伙子很结实！！
5,"正品验证：正品保障
营养配方：很好
消化吸收：易吸收
清火功效：不上火
溶解性：好好溶解
其他特色：京东的送货****态度非常好，非常满意，尤其是自营的店铺，京东配送的快，正品有保障，所有的大件商品都是在京东自营店购买！售后理赔无忧！"
6,"营养配方：奶粉非常喜欢
消化吸收：有益生菌帮助消化功能
清火功效：不上火
其他特色：值得大家购买"
7,宝宝出生就一直喝的金领冠珍护。可以扫码积分。正品保证的说，宝宝喝的也挺好，溶解性也很好，轻轻晃晃的ok了，营养全面。宝宝喝的不错不错不错，有活动有开始屯点。比超市优惠。买过很多次了。马上换2段了。哈哈！
8,"消化吸收：家里的宝贝从出生到四个月了一直都在喝这款牛奶，宝贝吸收也很好，大便的颜色也是很正常。
溶解性：用40℃左右的温水就化来了，地下也没有沉淀。
其他特色：家里姐姐给推荐的这款奶粉，相信伊利家的大品牌，质量有保证，至少价格都比爱他美还要贵，一分钱一分货没有错。
趁着京东618量贩买了一大堆，可以给宝宝用上好几天啦。"
9,2019-08-16 选择奶粉有五大技巧。一是试手感。用手指捏住奶粉包装袋来回摩擦，真奶粉质地细腻，会发出&ldquo;吱吱&rdquo;声;假奶粉由于掺有绵白糖、 葡萄糖 等成分，颗粒较粗，会发出&ldquo;沙沙&rdquo;的流动声。二是辨颜色。真奶粉呈天然乳黄色。假奶粉颜色较白，细看有结晶和光泽。有的假奶粉会呈现漂白色，或者有其他不自然的颜色。三是闻气味。这款奶粉完全符合一份真正的好奶粉的需求，孩子很喜欢喝，大人看着也放心，伊利大牌子值得信任 二次购买
10,宝宝从出生一直喝这个奶粉，已经多次购买了，包装完好无损，物流也很快，主要还是正品，价格也比实体店的便宜，比较实惠，而且还赠送东西，奶粉比较香，宝宝也喜欢喝，出产日期比较新鲜，玩具桌宝宝很喜欢，锻炼宝宝动手能力，增强亲子关系
1,正品，味道很香，宝宝喜欢吃，好溶解，易吸收，搞活动买的也很划算
2,喝了已经有半年多了，前段时间喝三段，现在喝的四段，以为四段比较粗糙，回来以后感觉粉质还比较好，宝贝喝的也挺不错，没有便秘等其他异常。配送速度很快，而且态度也好！
3,"正品验证：可以正常积分，京东自营产品。品质有保证。
营养配方：伊利大品牌营养很好&hellip;我家宝宝第1个月长了3斤2两。
溶解性：溶解性很好。我一般使用40度左右的温水。加入奶粉后随便摇晃两下就溶解了。没有结块现象。
其他特色：伊利大品牌专业18年婴幼儿奶粉配方专利。值得信赖"
4,物流快，奶粉日期也新！宝宝准备转3段了，提前屯货了。六一拿优惠券购买的，很划算！还得小礼品。还送了纯牛奶。金领罐奶粉，值得购买。主要宝宝喝了不上火，清淡口感，是我最喜欢的！网上买奶粉比实体店还划算，客服服务还好！看直播还得送个小黄人秤！
5,金领冠珍护较大婴儿配方奶粉，宝宝出生到现在一直吃的珍护1、包装好，密封完整;2、配方好，除基本营养成分外，还含有OPO、DHA、牛磺酸等额外添加;3、奶源好，来自新西兰;4、口感好，微甜，溶解快，宝宝爱喝。这罐被我颠了好多下以测试密封性，所以罐口都是奶粉，溶解度很好，基本没有挂壁，自己尝了下，微甜，奶味挺足的，口感不错，宝宝也爱喝。拍照拍的不是很好，信赖京东！
6,金领冠珍护第一次买。儿子很喜欢，早晚都来一杯。应该是消化也还可以，我还蛮喜欢吃的。醇香醇香的。儿子叫我还要再买一点，他说这个牛奶非常好喝。下次趁着活动多买一点。我们在一罐牛奶一下子就喝完了。快递也非常的给力。
7,五六年前，大娃降生，无意间选择了伊利的金领冠系列，吃得非常胖，聪明，当时还尝试了另一种知名品牌奶粉，结果孩子喝了就拉肚子。当时只有超市，婴幼儿专卖店有奶粉卖。现在真是便利极了，网络发达，电商灵活多变的经营方式，巨大的折扣力度，方便快捷的配送体系，让用户非常方便，省钱，快速地得到产品，真是好时代啊。
8,营养配方：主要营养元素都有，添加dha等，还有钙铁锌细微量元素，都不错。大娃也是吃国产，现在调皮捣蛋，哈哈哈，现在二娃也在吃这个了，希望两个娃都聪明伶俐，健康茁壮成长。奶粉溶解很快，不起团，味道比较像母乳，不腻，清淡，很好喝。
9,出生一直给孩子喝的金领冠，消化吸收很好，孩子喝了不上火，泡奶粉的时候好溶解，很满意
10,"溶解性：非常不错，比之前那个牛栏易溶解
其他特色：不挂壁
营养配方：齐全，该有的都有"
1,重点我想感受一下神拳券！！！！！刚生孩子时候不知道吃啥奶粉，亲戚给宝宝准备了一罐别的奶粉，然后因为少见的牌子，后来就赶紧换了金领冠珍护，闺蜜推荐的。就一直在吃这个奶粉，很值得信赖，希望给我们这样的铁粉多多福利，不过话说在新疆的我一直没有领到神券，可否后台给我享受一次可好。我也是吃奶粉长大的，以前奶粉甜甜的，，这个也甜，比起前好很多了，国家技术也越来越好！一直会支持国产的，哈哈哈哈！
2,孩子一直喝这个牌子的奶粉 我感觉挺好的 容易冲泡 不成疙瘩 我都是先一般分量的温水冲泡 再对凉白开 刚刚好喝 口感不是很甜 没有腥气味 孩子很喜欢喝 罐子设计也挺合理的 密封挺好 没有受潮的痕迹 物流很快 包装没破损
3,这个奶粉可以的，宝宝吃了长得快精神好，睡得香，玩的hi，喜欢吃，胖胖的很不错，宝宝出生就买的这个奶粉，一直吃的很好，现在几个月了都蛮好的，不上火，便便很好，肠胃好，营养很全面宝宝智力方面也发育的很好的，大品牌放心，京东自营更放心，这才是我买东西最在意的，也是我一直在京东买各种各样的产品的初衷。勺子设计很好
4,奶粉罐密封性比较好，不用担心会不会返潮，导致奶粉结块！伊利金领冠珍护系列奶粉口感细腻，微甜，溶解快，不会出现挂壁现象。奶粉捏着吱吱响，乳黄色的光泽，外观颗粒均匀，腥味比较淡，宝宝没有一点抵触情绪，非常喜欢喝！
5,奶粉收到了，官网可查询是正品，奶粉颗粒十分细腻，呈自然乳黄色，有淡淡的乳香，一看就是来自正规乳源，按照冲调方法，溶解也很不错，尝了一口，味道淡淡的，不是特别甜，跟母乳味道有点相似，宝宝喜欢喝，营养均衡，安全性高，睡眠也好，消化也不错，减少了便秘。
6,京东物流就是快，包装也很不错，日期也是近期的，不不错，孩子吃的奶粉一直自营店买的，放心，奶粉营养丰富，现在一周岁了，一直喝这款奶粉，不上火，消化吸收也不错，买大罐赠送小罐，还是很划算的，已经是伊利的忠实粉丝了。
7,这款奶粉是我儿吃的，因为我儿刚生，这款奶粉营养比较全面，品牌是国产的，但是奶源全部都是进口的奶源。所以我在京东上给我姑娘买了一桶三段的奶粉，已经喝了快两个星期，挺好的，三岁了，慢慢断奶，就是早晚喝。水温不到六十度，所以没有奶疙瘩，泡沫也不是很多，喝完奶瓶没有沉淀奶渍。真的很好的一款奶粉。国产的也是很好的。京东的物流速度不用多说，很快，安全放心，包装完整。真的挺好的。
8,"营养配方：配方特别好，富含营养和微量元素，
溶解性：溶解很好，温水全部溶解，极少出现疙瘩
其他特色：大娃原来就吃这个，现在二娃也吃这个，每个月都要吃三罐，快要抗不住啦，今年疫情又这么严重。
消化吸收：消化吸收很好，关键是不上火，伊利这款是最贵的，口味偏清淡，比较像母乳，当然母乳没这么甜。"
9,"宝宝从生下来一直喝金领冠，这次还送了两箱奶作为赠品，很合适，也很实惠，宝宝喝了不上火，便便也正常，会一直喝下去
营养配方：配方很好，营养全面，搭配比例均衡合理，还有天然营养元素opo，宝宝长身体全靠金领冠了
正品验证：是正品
消化吸收：宝宝喝了不上火，好吸收。
溶解性：易溶解，冲奶粉方便"
10,"正品验证：伊利官方旗舰店买的，如果这个店都卖假货我不知道还有真货没
消化吸收：很好宝宝吃了没有异常情况
溶解性：溶解性不错，按照说明操作就行
其他特色：奶粉主要还是看宝宝爱不爱吃 我家宝宝一直吃这款非常不错，但是奶粉这个东西因人而异，还是选择最适合宝宝的吧"
1,一直在京东购买伊利金领冠珍护系列奶粉，是正品，买来的奶粉都可以积分兑换商品，每一款都可以追溯奶源，宝宝从生下来就喝的这款奶粉，宝宝非常喜欢喝，喝着不上火，大便正常，宝宝目前两个月了，长的白白胖胖的，非常聪明，由于母乳不足，还会继续囤
2,我家宝宝从出生一直喝金领冠珍护   中间一直没有换过  喝着很好  没有什么不好的反应  在京东买特别方便  也超级快  第二天就到  是正品  价格还实惠 奶粉也很细腻   都是有活动的时候多囤一些    不用担心断粮了
3,第二次买了，说实话，这个奶粉真心不错，宝宝每次喝其他奶粉都会上火，但是这个奶粉不红屁屁，而且喜欢喝，和图片上一样，而且还送了好多赠品，挺高兴的，好多朋友看到我买的奶粉都说不错，很营养，潮流这奶粉是真的挺好的，但是建议亲们买的话买伊利的金领冠！
4,已经是持续多次的购买伊利金领冠珍护系列3段的奶粉了，这次趁着双十一活动期间赶紧囤两罐，比平时买的时候太划算了，。孩子非常喜欢金领冠的奶粉，这款奶粉溶解速度快，而且有股淡淡的奶香，还有点甜甜的味。口感不是那么的发涩，孩子每天喝个两三顿吃完睡眠和饮食都非常好，等这些喝完以后会继续购买金领冠，主要孩子喝着放心。
5,一直购买伊利金领冠，大牌子值得信赖，罐身有防伪验证码，绝对的正品，奶粉中富含多种维生素和人体所需的营养元素，细化好吸收，喝了不上火，遇水即溶，有股淡淡的奶香一点点甜味，关键孩子很爱喝一直买的金领冠珍护，只要喝完就会持续的购买，
6,喝过几次伊利金领冠珍护系列，味道清香，淡淡的清香味儿，原料全脂奶粉来源于新西兰。用50度以下的水温冲调，能很好地保留原有的营养成分，冲调易融解，生产日期比较新鲜，宝宝很喜欢喝。出门携带很方便。
7,宝宝吃了长得快精神好，睡得香，玩的hi，喜欢吃，胖胖的很不错，宝宝出生就买的这个奶粉，一直吃的很好，现在几个月了都蛮好的，不上火，便便很好，肠胃好，营养很全面宝宝智力方面也发育的很好的，大品牌放心，京东自营更放心，这才是我买东西最在意的，也是我一直在京东买各种各样的产品的初衷。勺子设计很好哦
8,家里又添一娃，姐姐看弟弟喝奶粉，也想起来要喝奶，听大家推荐金领冠奶粉，买回来我尝了尝，确实很奶香，乳黄色，粉质细腻，口味不是特别甜，很满意！偶尔我也冲一杯喝喝，这味道大人也可以接受，一点也不腥呢??
9,"消化吸收：段开始我家的2个萌宝宝就一直吃伊利珍护系列的奶粉，没有便秘消化不良的情况，所以一看到有活动就开始囤货。
清火功效：不上火，消化好，
溶解性：非常好，而且不起坨。有时候水温高了些加奶粉泡，也不会起坨，口感甜甜的，宝宝爱吃。"
10,"已经买很多次了，这个奶粉很合适我的宝贝。大品牌值得信赖，里面还有opo蛋白质,对宝宝的消化吸收很好，不上火 溶解性好不挂壁。在这大卖期间价格很实惠，礼品多多。客服态度很好，发货很当快，物流很给力当天就收到啦！日期很新，就是罐子有点变形了，希望厂家发货的时候注意一点。"
1,我家宝贝金领冠从一段吃到四段，挺好的，每一段都是针对年龄段小朋友身体所需调节营养成分的，宝宝吃着一直很好，我们对奶粉也很放心！金领冠奶粉，奶粉捏起来滋滋响，外观颗粒都比较均匀，粉质很有光泽。奶粉粉质松散，乳黄色，口感细腻，微甜！很不错！
2,"消化吸收：宝贝喝了不上火，挺不错的值得信赖。
溶解性：很溶化我家两个宝贝都选择金领冠奶粉，还推荐给亲戚朋友们，真心不错的一款奶粉。自宝贝生下一直喝没有什么不好反应，京东也是值得信赖的一直在支持，自营又快还放心，快递员也很好特准时给你点个赞?喔！"
3,"正品验证：宝贝收到了，卖家发货很快，物流也非常给力,客服服务态度极好，很有耐心、给人一种亲切感，好喜欢。还有包装精美，高端大气上档次;看得出来商家很用心。宝贝真心不错，与图片相符，没有任何差异，真的是物超所值。"
4,我家宝宝从预产期就预订的金领冠珍护，在孕婴店买的小罐，喝的挺好的，宝宝也爱喝，一直到现在9个月了，营养全面，宝宝体质好，肉嘟嘟的！配方温和，还有能促进宝宝吸收和消化，棒棒哒！实体店买了一次，感觉不太划算，一直到现在都是在自营店买的900克罐装，一次一整箱，感觉很便宜，直接送货到家门口，很方便！伊利奶粉，国产宝宝的首选！京东也很便捷，快递速度杠杠的，今天买，明天到！
5,这已经是第四次购买了，包装很好，到货迅速完好。罐子做工用料挺好的，盖子开关方便，奶粉勺可以长短调节，设计挺好的，奶粉配方全面，营养丰富，非常容易溶解不结块，放奶瓶里摇两下就泡好了，孩子爱喝，易消化，不上火，非常满意。
6,"正品验证：奶粉可以扫码积分，追溯            
消化吸收：宝宝爱喝，
溶解性：很容易溶解，不沾奶瓶    
 
京东自营店的奶粉买了好几年了，喝着没问题，宝宝爱
喝，送货快，当天就能送到家里，也不用囤货，方便的
很。"
7,宝宝出生前备了一桶，母乳不太够，每天搭着吃，奶味十足，微甜，宝宝爱喝。包装好，密封完整。配方好，除基本营养成分外，还含有OPO、DHA、牛磺酸等额外添加。这罐被我颠了好多下以测试密封性所以罐口都是奶粉，溶解度很好，基本没有挂壁。这些都是使用中的真实的感受。
8,宝宝出生就吃这个，东西是正品，可以积分，可以追溯，味道清淡，好消化，也不上火，挺不错的，客服也很不错有问题耐心解答，特殊时期快递也很给力，快递员服务态度也很好，就是一段的买多也没有优惠，希望商家以后买多可以送点东西
9,以前经常听人家说伊利奶粉有童年的味道，我没吃过呀，趁着现在宝宝要吃得买回来尝尝啊哈哈哈我吃着口感很细腻，没有啥味道，特别清淡，不过宝宝很喜欢吃。听医生说清淡一点好，不容易上火，也免得养成挑食的习惯~
10,一如既往的好评，正品正货，特殊时期发货还是很及时，营养配方易消化易吸收，不上火，好溶解，营养全面，运输安全，配送及时，无挤压，无变形，特别设计，开启方便，含膳食纤维，有助于维持正常的肠道功能，原料进口，不错
1,还是一如既往的好，一直在京东购买，优惠很合适！包装严实，没有磕碰。送货快，一点也不耽误时间，和实体专卖店一样的品质，日期还特别新。不存在退换货情况。日期很新，孩子喝着放心踏实！也会推荐给朋友在京东上购买，省去了停车搬运的麻烦。送货上楼直接送到家！
2,是正品，一直在京东上买奶粉，而且选择的是京东自营商品，物流蛮快的，孩子吃的胖嘟嘟的，很可爱，喂奶粉大家都说要喂水，我也没喂水，孩子一样可以，没上火，很容易溶解，冲奶粉方便，是我喜欢的款式，营养均衡，现在二段了，我配辅食啦！
3,宝贝收到了，包装完好，打开里面包装也很细致。宝贝一直在喝金领冠珍护奶粉，很喜欢这个味道。嗯，第2次在京东购买，然后发现有一个地方可以有优惠活动，买一大桶赠一小桶，非常的划算。奶粉冲调的时候也没有结块，很容易化开，特别的好， 粉是新西兰奶源，喝着放心，易消化好吸收，还有益生元，值得推荐哟。
4,金领冠珍护，伊利大品牌值得信赖，京东自营商品送货速度很快，今天下单，明天中午之前肯定送到。还含有牛磺酸，dna和ara，等营养成分，而且宝宝喝了也不上火，大便也不干燥，免疫力也提高了，宝宝比同年龄的宝宝相比也不爱生病，支持国货，真心的觉得很好，推荐给需要换奶粉的朋友们。做活动的时候买，价格也优惠，还有赠品哦。
5,"正品验证：正品
营养配方：营养均衡
消化吸收：易消化没有奶瓣
清火功效：还行吧，反正我家宝宝没有上火
溶解性：很好溶解
其他特色：日期新发货快，疫情期间不耽误宝宝喝，真的很好，从出生一直喝这个"
6,"正品验证：是正品，已经多次购买，宝宝吸收好！适合我家宝宝用！
营养配方：肠道益生菌，让宝宝吸收更好！
消化吸收：很好吸收，宝宝也喜欢喝，现在宝宝便便也正常了！
清火功效：宝宝喝金领冠的珍护确实不上火，大便也不干。很正常！
溶解性：溶解性还可以吧，没有飞鹤的好溶解，但是宝宝喜欢喝，也好吸收，所以溶解还可以！
其他特色：当然就是京东的物流和服务了，就是冲得这。宝宝奶粉和家里电器都是在京东下单！又快有省时！"
7,宝宝超级爱喝这款奶粉 大家值得购买  宝贝喝了便便每天都拉 不上火
8,宝宝一直都在喝伊利金领冠珍护，好吸收，奶粉细腻，这款奶粉含有DHA益生菌，宝宝吃了也不上火，也没有便秘，挺好的，好的好的真心好 宝宝很喜欢 厌奶期也平静而又短暂的过去了 ，宝宝还是比较喜欢吃的，味道也不算太甜。
9,奶粉收到日期很新包装很好 奶粉的颜色便黄点 很好冲调 溶解快也没有泡泡  宝宝蛮喜欢喝的  这次做活动买两罐送个益智玩具还优惠了 活动力度蛮大的 现在宝宝每天也就喝2到3次喝完在回购  36小时到货 必须给快递小哥点赞 服务态度很好 送到家里还很客气 ?京东多快好省服务到家 赞
10,消化吸收：一直信赖金领冠，宝宝喝了就爱上，吸收好不火，最开始喝羊奶不爱喝，后面换了金领冠就爱上了，吸收真的非常好
1,"营养配方：一点不担心营养问题
消化吸收：我家宝宝很喜欢喝，吸收的也快"
2,宝宝出生时，到处问亲戚朋友，小孩子喝什么奶粉好。有的人说羊奶好，有的人说进口奶粉好，快临近出生时，我和宝妈都没有选好。一次偶然的机会，发现京东伊利母婴自营店搞活动。于是，千挑百选看中了珍护这款。事实证明我们是对的，从宝宝出生到现在，都是喝得珍护，身体也棒棒的。虽然宝宝有时候有点消化不了，但是配合合生元益生菌，帮助宝宝肠胃吸收消化，效果很不错的。其实，这还得益于珍护有独特的接近母乳的配方，针对中国宝宝身体设计。希望伊利能越来越好，宝宝身体更强壮。同时，也祝愿国货当自强，不要再出质量问题。
3,买，了，很，多，次，了，总，体，比，实，体，店，便，易，太多，宝，宝，的，奶，粉，都，是，在，京东，买的，每次，买价格，都不，一样，京，东，这，价，格，变动，幅度，也，太，多，了，吧
4,物流速度非常快，第二天就到货了，到货包装完好，没有破损，没有凹凸部分，这个很满意，里面包装也是好的，铁桶也没有凹陷，上锈，奶粉配方还是可以的，溶解性好，遇水即溶没有截渣，味道也可以，不是清淡无味的，宝宝也喜欢吃，整体还是很满意，给好评了
5,孩子出生快6个月了，一直吃的金领冠的珍护。伊利作为国内数一数二的粉企，还是相信他们的实力。大厂的质控，还是值得相信的。珍护系列，孩子吃了不上火，身体很好，长的很胖，也很爱吃。珍护，值的托付！
6,"消化吸收：宝宝从一段喝到二段，一点问题也没有
营养配方：特别好，没有疙瘩"
7,宝宝非常喜欢吃这款奶粉 帮助消化吸收 值得买 而且 这次送的东西也多
8,是正品 一直在京东自营买 配货快包装未破损 而且每次都能赶上搞活动 这次还送了一个小的 宝宝喝了也不上火从小喝这个牌子也一直在京东买 总之很棒 国产奶粉适合中国小孩喝 溶解也很好也容易消化 没有特别甜 值得信赖
9,双十一活动折上折很划算，送了两罐180克的还有护肤霜，宝宝一岁了，开始疯狂囤三段了，保质期比较长，所以很放心囤。珍护奶粉一直喝到现在，没有上火便秘的情况，很放心。有活动就囤一些，还可以积分兑礼品。很喜欢
10,"正品验证：没有特意验证，反正积分没有问题，包装什么的也没有问题
营养配方：太专业了，不知道怎么说，也是别人推荐的这款奶粉，宝宝要喝
消化吸收：才吃了一个月，消化很好，吸收也不错，长了一点点个子
清火功效：不上火，宝宝适合的就是好的。
溶解性：很好溶解，我们家奶瓶喝完奶都看不出冲过奶"
1,奶粉还不错 宝宝很喜欢喝，不上火 以前喝的别的品牌的奶粉 有味道 宝宝不愿意喝 这个奶粉味道不刺激 营养吸收也很好 买的套装 价格比超市便宜 可以在商场基本 应该是正品奶粉 一直在京东自营店购买产品 有保障 可以不用担心产品的质量问题。
2,宝宝从满月后一直喝的珍护，奶粉是淡黄色的，闻起来有奶香味，喝起来也香，宝宝自从喝了这款后一天一两次大便，也不上火，也没拉稀，放在奶瓶里，也非常迅速的溶解了，不起泡，易冲调，希望大家也和我交流珍护奶粉好不好
3,很不错的一款奶粉，买来后我先喝，又给宝宝喝的，甜甜的，一点也不腥，宝宝容易接受，而且是水解奶粉，宝宝好吸收，好消化，冲奶粉时，也是很容易就化开，轻轻一摇就可以了，果然适合我们中国宝宝的体质，发货也快，以后就喝这个牌子的了，很喜欢，很不错。
4,金领伊利冠大品牌，宝宝吃了长得快精神好，睡得香，玩的hi，喜欢吃，胖胖的很不错，宝宝出生就买的这个奶粉，一直吃的很好，现在几个月了都蛮好的，不上火，便便很好，肠胃好，营养很全面宝宝智力方面也发育的很好的，大品牌放心，京东自营更放心，这才是我买东西最在意的，也是我一直在京东买各种各样的产品的初衷。勺子设计很好很好用
5,"正品验证：追溯是正品
营养配方：配方比例很好
消化吸收：我家宝宝喝了终于不卡拉绿屎了
清火功效：一点也不上火
溶解性：随便摇摇就化了
其他特色：国产的就是比较放心"
6,第二次购买了，真的非常好，颜色微黄，粉质细腻，易溶解，味道香，营养成分也比较全面，份量也比较足，我们家宝宝每天就睡前喝一次，一瓶能喝一个月，喝完不上火，不腹泻，关键是宝宝爱喝，每晚喝一瓶 ，一觉到天亮，
7,伊利这款珍护婴幼奶粉，我们家一直在用，从大宝吃到二宝，很好。易溶解、爱消化，宝宝长的快。珍护这款奶粉很香，味道好，宝宝爱吃。赶上活动买的很合适，价格优惠，但感觉今年618没有去年优惠力度大，至少伊利奶粉是这样。希望有实实在在的活动哈哈！
8,在这种非常严峻的形势下，京东还能按时发货，没耽误宝宝喝奶粉还送了两箱安慕希，超高性价比。快递员小哥宋兆法同志辛苦送到小区门口，隔着门递进来，真的是辛苦了，很感动，孩子的奶粉还是会一直从京东购买，一个字&ldquo;放心&rdquo;！
9,"金领冠珍护，伊利大品牌值得信赖！包装好，密封完整，配方好，除基本营养成分外，还含有OPO、DHA、牛磺酸等额外添加，并且奶源好，来自新西兰！ 选择奶粉有五大技巧。一是试手感。用手指捏住奶粉包装袋来回摩擦，真奶粉质地细腻，会发出吱吱声，假奶粉由于添加绵白糖，葡萄糖等成分，颗粒较粗，会发出沙沙的流动声。 二是辨颜色。真奶粉呈天然乳黄色，假奶粉颜色较白，细看有结晶，和光泽，有的会呈现漂白色，或者有其他不自然的颜色。 三是闻气味，这款奶粉口感好，微甜，溶解快，宝宝爱喝，奶味特别浓，是完全符合一份真正的好奶粉的需求，宝宝喜欢喝，大人也放心！ 支持伊利，支持京东自营！！！！！！！
正品验证：是正品，不过好像4段没有积分
溶解性：好
营养配方：不错
消化吸收：适合宝宝
清火功效：孩子不上火
其他特色：一直吃的珍护系列的"
10,奶粉不错，用手指捏住奶粉包装袋来回摩擦，真奶粉质地细腻，会发出&ld*u*;吱吱&rd*u*;声;假奶粉由于掺有绵白糖、 葡萄糖 等成分，颗粒较粗，会发出&ld*u*;沙沙&rd*u*;的流动声。二是辨颜色。真奶粉呈天然乳黄色。假奶粉颜色较白，细看有结晶和光泽。有的假奶粉会呈现漂白色，或者有其他不自然的颜色。三是闻气味。这款奶粉完全符合一份真正的好奶粉的需求，孩子很喜欢喝，大人看着也放心，伊利大牌子值得信任 二次购买，后面有需要还会购买。。。。。。。。。。。。。。。
1,伊利金领冠睿护奶粉特别添加OPO！营养全面，特别细腻，好冲开，没有颗粒。奶沫特别多，应该是没有添加消泡剂。奶粉的奶香味道特别好，没有腥味，孩子喜欢喝，而且没有特别甜，国产品牌我比较喜欢伊利，大品牌值得信赖，京东服务也好。
2,"正品验证：京东自营的伊利奶粉，全都是正品，五星好评，京东值得信赖。
营养配方：珍护4段非常适合，三岁多宝宝还有6岁儿童使用使用不但可以增加抵抗力，还有助于儿童发育，还含有dha，ara,含有丰富的钙，比普通的奶粉都要高。
消化吸收：这款奶粉把我非常非常喜欢喝，它的味道非常香糯，非常好吸收。
溶解性：奶粉非常好溶解
清火功效：宝宝喝了之后没有上火，以前便秘喝了珍护4段不在便秘。"
3,奶粉特别好，比国外的品牌，好太多了，而且优惠力度很大，199入手的，买一罐还送一罐，好开心啊，家里孩子很喜欢喝，我也很喜欢喝，一次要冲好多才行，怎么喝也喝不够。苦你鸡娃，哇达西呦那莫呦哇，精神小伙！中国加油，武汉加油，湖北加油，北京加油，上海加油，河北加油，河南加油，天津加油，我们中国是最棒的！这场站疫我们一定能赢，国货最强，国货最牛，国货第一
4,已经在京东购买奶粉不下，十几桶了，这次又一次购买，因为宝贝的粮食快吃完了，包装是没的说的，很好，打开以后里面是三大桶一小桶。宝贝，喝这个奶粉肠胃还可以吸收吧，溶解性的话有时候水里面有疙瘩，不能够完全溶开
5,6.18大促买的，很划算。物流速度没话说，第二天就到了。很惊喜。东西都完好无损。官方自营给孩子喝也放心得很，宝宝从出生一直喝的珍护，奶量，消化一直很棒，每天一次大便，性状颜色都很好，远离了便秘。宝宝一天到晚精神的不得了，拿着奶粉开心坏了，哈哈！
6,"消化吸收：自从吃了这个奶粉，便便好多了。
营养配方：京东价格就是给力，一直都是在这买的，宝宝自从吃了这个奶粉，便便通畅，以前吃的奶粉，便出来的都是小豆子。这真是解决了我的大问题。营养方面。好像也很不错啊，小伙子长的白白嫩嫩，结实的很。睡觉也很安稳。听其他的宝妈说，吃这种奶粉的，宝宝睡觉都睡得好点。。?哈哈"
7,过年了，提前备货，不能让闺女断粮了，京东又搞活动，照顾新老客户，买两罐儿买两罐金领冠，送一箱伊利酸牛奶，正好给我家老大喝，老大也尝尝伊利的牌子，天气冷了，辛苦快递小哥了，每次都送到家门口，太方便了，而且这次的金领冠是新日期的，太棒了
8,收到了，已忘记如的好，已经吃了好几罐了，拉屎也很好，不上火，平时宝宝喝水也正常。伊利珍护很不错。以前两个宝宝也在喝，这次小的毫不犹豫就也喝珍护了
9,非常好的奶粉，宝宝没吃完，我也尝过，味道很清淡，不是很甜。奶粉相信金领冠！因为它真的非常的棒！原装进口，让我们更放心！宝宝吃了后不上火，不便秘，非常的棒！营养也很丰富，宝宝牙牙长得也很好！胖瘦也达标！
10,宝宝出生后就一直喝的金领冠珍护，从一段一直喝到现在的三段。奶粉的溶解性很好，很容易化开。营养很好，科学配方，宝宝吃的胖乎乎的，出去人家都问吃的什么奶粉。奶粉也容易消化吸收，宝宝每天都能正常拉便便。冲出来奶香浓郁，宝宝很爱喝，大品牌值得信赖。这次趁年中大促，非常划算。
1,宝宝母乳吃到一周岁，后面选择了金领冠珍护，大品牌值得信赖。接近母乳，宝宝容易吸收，易消化。配方好，除基本营养外，还富其他多种营养，宝宝喝了后不上火，提高免疫力。包装好，密封完整，勺子的设计也很实用。京东值得信赖，比实体店实惠很多，继续支持！
2,"正品验证：正品
营养配方：儿子很喜欢
消化吸收：消化吸收很好，不上火。"
3,消化吸收：喝了大半年，很好， 优惠活动 又给力，希望活动多搞，孩子喜欢喝，早上，中午，晚上，一天3次，营养吸收好，味道清淡，淡淡的，买了10几罐3段，10几罐4段，为3个孩子囤着货，希望能送点玩具就更好了，买了好多
4,第二次购买了，包装很好，密封完整，物流很快，第二天就送到家了。这款奶粉口感很好，溶解很快，宝宝很喜欢喝，大人也很放心。除了基本营养成分之外，还含有OPO，DHA，牛磺酸等营养成分，而且奶源很好，来自新西兰??。支持伊利，支持京东自营！希望京东越来越棒??????
5,底部有可以追溯的二维码，扫扫就能查验真伪。营养配方丰富，可以让宝宝很好的吸收，小肚肚舒畅不上火。口感好，溶解速度很快，没有挂壁、结块的情况出现。奶味十足，宝宝非常喜欢喝，每次都是一口气喝完。金领冠珍护系列的奶粉，值得推荐给大家！
6,一直在吃金领冠珍护的奶粉，之前大宝也吃的这个，接近母乳的味道。所以宝宝很容易接受，之前在实体店买，贵很多，现在一直在京东买，奶粉罐底下有个二维码，我扫进去直接是伊利的网站，是正品来的，奶粉细腻，包装也很用心，再来说说物流，那是杆杆给力！头天下单的，第二天就到了，京东快递小哥服务也很好，我不在家他帮我放门口士多店了，说话语气也很好，包装也很用心，用了两个纸箱，让人看着就放心，特别是现在这次搞活动买的，综合下来一罐900克的才三百出头的样子，很划算，性价比高！下次就到双十一的时候再来购买了！相信京东！
7,一直在吃这个奶粉，很值得信赖，希望给我们这样的铁粉多多福利，不过话说在新疆的我一直没有领到神券，可否后台给我享受一次可好。我也是吃奶粉长大的，以前奶粉甜甜的，，这个也甜，比起前好很多了，国家技术也越来越好！一直会支持国产的，哈哈哈哈！
8,正品验证：伊利金领冠珍护，正品正货，不易上火，营养全面均衡，健康有保障，易溶解，好冲泡，孩子喜欢易吸收，原料全脂奶粉来源于新西兰，含核苷酸，智赋益百分，富含多种维生素，特别有助于孩子成长，用的很放心，非常满意，不错
9,很好 我哥家的孩子就是吃这个奶粉的 以前吃的别的牌子的奶粉孩子热气特别大 这个系列比较温和 基本上没什么热气 孩子大便什么的都挺正常的
10,之前喝爱他美比较多，第一次换国产奶粉，奶粉质地比较细腻，冲泡比较容易溶解，孩子喝了没有不适，爱喝。上火情况也没有发现。自尝了一下，觉得有点甜了。奶粉勺存放的设计很好，干净方便，不会污染奶粉。折叠加长设计很人性化了。有活动会继续囤货。
1,已经扫码，是正品，这款奶粉营养均衡，容易吸收，容易冲泡，没有挂壁现象，口感很好，宝宝很喜欢喝。包装严实，没有破损，日期新鲜。送货速度很快，点赞！喝完肯定还会回购的。
2,真的非常感激京东物流，碰到百年一遇的武汉疫情，路封了，不让出门了，只有京东物流才能保证我闺女的口粮，货非常快，一看就是正品，相信京东自营，我还没有给宝宝吃奶粉，包装很好，准备吃完了再来评价，相信京东，以后还会在京东上买东西
3,"很不错的，验过二维码是正品，也验过了会员积分，是正常的，900克的可以积分235分。
而且价格也是很实惠的，吃了不上火。客服服务也是很好的，有问必答。很满意。
想换爱他们德国版，转奶不成功，放弃。宝宝已经大概40天大了，一直吃的这种，过年屯了6罐，够它吃1个多月了。希望国产品牌越做越好，越做越成功。
便便是黄的，偶尔着凉后会变绿。"
4,相信京都，一直在京东自营购物，都是正品，而且可以验证的，这款老品牌奶粉，品质都是很不错的，营养配方也好，消化容易吸收，而门上不会上火，溶解性强，不会担心会有结块的，对比其它品牌奶粉下来，物美价更美，给赞
5,"消化吸收：一直用这个品牌还好
溶解性：溶解得很彻底
营养配方：营养很全面
正品验证：包装完好，一看就是正品
清火功效：没出现过上火的情况
其他特色：宝宝很喜欢吃"
6,奶粉收到已经好几天了，现在才来评价，抱歉啊。家里的奶粉宝宝还能吃三顿的，我才下单，京东物流真不是盖的，第二天就到了，没有耽误宝宝吃饭。金领冠珍护，我在京东试用上中了一罐180g试用装的。宝宝非常爱喝，产品介绍营养也非常全面，所以这次就买了这款奶粉。能吃一段时间，shuang11期间准备再次下单。???
7,伊利金领冠，宝宝出生前听朋友推荐，然后就选择金领冠，宝宝出生就开始喝，跟母乳混合喂养，宝宝42天工作原因，就开始纯奶粉喂养，宝宝很爱喝，大便也很正常，现在七个月，身高76.5公分，20斤，身体棒棒哒！！
8,金领冠珍护儿童配方奶粉（4段）收到了，包装特别好，密封很完整，奶粉粉质细腻，溶解性强，溶解速度快，简单摇一摇就可以了，孩子也喜欢喝，而且喝了也不上火。京东自营，正品保证，日期也比较新，值得推荐各位宝妈妈购买。
9,"正品验证：可以通过桶身底部，查看奶源和积分，比较便捷，快速知道真伪！
营养配方：从宝宝第一口奶就一直用这个牌子，很好的一款奶粉，很营养，很健康！
消化吸收：好消化，不上火，不便秘，已经喝到三段，宝宝健健康康，水水嫩！
溶解性：马上溶解 很方便！"
10,奶粉收到了，验证了是正品，可以在积分商城里积分，闺蜜推荐，说口味比较清淡，宝宝从出生开始就一直在喝这个奶粉，确实没有那么甜，也没有上火便秘的问题，也没有奶瓣等消化不良的现象，专利配方确实是有优势的，溶解度也很好。
1,"正品验证：保真
消化吸收：很好吸收营养
清火功效：孩子喝了大便正常不干。
溶解性：温水一会就溶解"
2,"消化吸收：奶粉收到了，宝贝一直吃这个奶粉，挺喜欢吃的，宝贝之前也吃过爱他美、美赞臣之类的，都不怎么爱喝。一天冲3次，一次冲30毫升，虽然不多，但是合起来一罐马上也就没了。
溶解性：用40-50℃的水冲奶粉，晃一晃就溶解了，很好溶解，也没有结块。缓一缓给孩子吃正好温度也可以了。
正品验证：验证过了是正品"
3,孩子从出生就喝伊利奶粉，亲戚家的孩子也都是喝的伊利珍护系列，反应都很好，容易吸收，孩子不上火不便秘，一直在京东购买，每次价格都会不一样，所以要趁有活动时购买，在直播间领取优惠券购买，平均一听240左右太划算了，还送一箱伊利牛奶和180g的小听
4,官方正品，罐底可扫码积分兑礼品。来自新西兰的奶源，配方除基本营养成分在，还添加了OPO，DHA，牛磺酸等。溶解性非常好，不结块。包装很好，密封比较完整。勺子设计的比较好，可折叠，喝到罐底的时候挖起来比较方便。京东的物流没的说，效率很高。
5,"宝贝一直吃这个，从一岁就开始吃，东西非常好，
奶粉，比一般的都要好，然后宝宝吃了之后非常聪 
明，很喜欢这个味道。非常好的奶粉，孩子喝着也行，不上火
宝宝一直喝这个牌子，伊利一直是我的首选。过去
看到好多品牌的婴儿奶粉出过问题，只有伊利没有，
想要给宝宝好点的奶粉，这款虽然贵点，但觉得值。性价比不错，宝宝一直喝这款奶粉，不错。
添加1,3-二油酸－2棕榈酸甘油三酯（OPO结构脂），
可以让宝宝排便更轻松，预防宝宝上火，增强宝宝抵
抗力的。
现在3岁多了喝4段，年龄层区分的更细，非常赞。包装升级了。"
6,"正品验证：
大宝一直都喝的金领冠，大宝出生后，开始戒奶后-直喝伊利珍护的!伊利是国产奶粉里面最信任的一一个品牌，比实体店实惠!还经常有活动，相信国产牛奶!也选择伊利金领冠珍护，不上火，奶粉很细腻，溶解性也很好，加水一摇就溶解了。易吸收，孩子各项成长指标都不错，也很喜欢这个味道。口感细腻香甜，京东自营，正品保证，营养丰富，包装严实，没有破损，日期新鲜。"
7,1、包装好，密封完整； 2、配方好，除基本营养成分外，还含有OPO、DHA、牛磺酸等额外添加； 3、奶源好，来自新西兰； 4、口感好，微甜，溶解快，宝宝爱喝。 这罐被我颠了好多下以测试密封性，所以罐口都是奶粉，溶解度很好，基本没有挂壁，自己尝了下，微甜，奶味挺足的，口感不错，宝宝也爱喝。 拍照拍的不是很好，见谅，使用感受都是真实的感想，分享给大家。
8,珍护大品牌，高端奶粉，，宝宝喜欢喝，换个奶粉直接不喝，胖嘟嘟的，奶粉很好泡，好消化，正品包装，营养丰富，宝宝从不上火便秘。推荐国产。伊利。
9,昨天下单今天上午收到奶粉，特殊时期（疫情）这样神速，为京东点赞。近期大家响应政府号召，宅在家里，小孙子奶粉告急，我们首先想到京东。收到奶粉后小孙子高兴的手舞足蹈，高兴极了，迫不急待喝上一杯，小孙子特别爱喝！这个奶粉确实不错，营养全面，囗感很好，包装也很精至。以后就喝这伊利金领冠珍护系列奶粉了。
10,一直喝这个牌子这个系列 京东比超市 母婴的便宜些 宝宝也挺爱喝的 奶粉有淡淡的香味 不怎么甜 我们每天喝一次 要是没有出现营养不均衡的现象 奶粉也很容易冲泡 八十度左右的水冲泡不会成球 套装 成箱来的 物流很快 没有破损
1,宝宝吃了她家试用装就不吃别的奶粉了，所以就试着买了一罐，还不错，我尝了一下，口感挺好，不像别的奶粉，太腥或太甜，粉质也特别细腻额，冲泡之后没有疙瘩，颜色也很正，淡淡的黄色，最最主要，宝宝喜欢，每天晚上喝一瓶，一觉睡到天亮
2,宝宝进入厌奶期，考虑给孩子换一款国产奶粉，选了很久才定下伊利金领冠。以前吃的德版爱他美，泡完容易起泡泡，金领冠泡起来不会，水温高点低点都可以正常溶解，味道也是淡淡的，不会太甜，宝宝适应起来很好，宝妈们可以考虑。
3,珍护4段，儿子很喜欢喝，奶香味浓郁，甜度适中，这也是n次购买了，买牛奶我只信赖京东！
4,小宝宝的口粮又来啦，小宝宝从小开始喝金领冠珍护系列产品，奶粉口感很好，几乎没有消化不良的情况，京东购买奶粉正品有保障，包装也结实无损，运气不好呀618的活动的券永远都抢不到，但是宝宝需要的奶粉品质保证才是最重要，礼盒包装多送二个小瓶奶粉
5,伊利奶粉的看客户了，这次看到了搞活动，就又下单了，这个奶粉娃娃很喜欢，没有怪味道，也不是特别特别的甜，营养搭配在奶粉桶上标注的清清楚楚，一目了然。包装也很好，不是塑料桶的，密封性很好，带的奶粉勺子也是笑脸，人性。
6,"营养配方：自从宝宝出生，喝的第一口奶粉就是金领冠珍护，后来母乳喂养到一岁，现在宝妈工作了，孩子自然选择伊利金领冠珍护，宝宝喜欢喝，最重要的是里面添加了防止宝宝便秘的成分，孩子顺利通过便秘期。
消化吸收：宝宝爱喝好吸收
清火功效：我家宝宝喝了伊利金领冠珍护一直到现在都没有发生上火的情况。
我觉得很好，值得推荐。"
7,买奶粉赠铭塔的积木桌，所以一下子买了3桶。奶粉孩子从小一直喝，配方好，不上火，消化吸收好，孩子喜欢。赠品积木桌质量很好，还带了小凳子，一大盒积木，一袋飞行棋，宝宝很喜欢。积木和飞行棋都收起来了，等大点再玩
8,吃了一段时间这个奶粉，感觉还可以吧，这次买三罐送积木一箱，还有好孩子的泡泡洗手液，真的超划算啊，这奶粉口感比较清淡，不会太甜，勺子的设计非常好，不用每次在奶粉里找它，还自带伸缩，吃了大半罐后，可以打开勺子的把柄，伸长好用，这个设计比其他奶粉做的好多了。
9,伊利奶粉，非常好，大品牌，含有乳铁蛋白，提高免疫力，含DHA提高智商，宝宝从小到大都是吃伊利奶粉，营养丰富，不上火，不便秘，抵抗力强，身体棒。京东快递服务好，也很方便，全部送货上门，快递员非常敬业??
10,小孩三岁开始喝款奶粉，快一年了，小孩非常喜欢喝，没有不适应的地方，营养配方也挺全面的，含有复合益生菌消化好，吸收也非常好，不会便秘，而且易溶化，没有挂杯！打算二宝断母乳了也用这款奶粉，京东自营，值得推荐！想买的宝妈赶紧下手哦！
1,孩子四岁，一直喝配方奶粉，。四岁以前一直喝迪拜版爱他美，人肉带回，后来适量太大，一天大概要喝三四瓶奶，人肉带不赶趟儿。三岁半以后换了好几个牌子的奶粉，最终锁定金领冠，实惠，独立包装很方便。最近又看珍护配方更保护孩子肠道，买两罐试试。
2,"正品验证：信任京东
营养配方：营养配方  &alpha;＋&beta;  BID  智赋  益百分
消化吸收：易消化 好吸收
清火功效：宝宝吃着不上火
溶解性：适温冲泡好溶解  没有沉淀细小颗粒物
其他特色：前有试过其它品牌的一款奶粉  香精味很重  尝试金领冠的时候  被奶粉淡淡奶香味吸引了  冲泡完奶香味很好  宝宝也很喜欢"
3,"赶上有活动很划算，买来给两个娃娃喝，先喝了很久才
来评论，感觉很好，娃娃喜欢吃，期待在有活动
1岁2个月宝宝，已经喝了半桶，之前从进口奶粉转奶成
国产奶粉，怕宝宝不适应，开始是进囗和国产由4：1，
3:2，1:1，2：3，1:4，最后全部转成国产奶粉，宝
宝过度很好，没有便秘腹泻。同时，宝宝很喜欢喝。我
自己喝了一囗，感觉进囗奶粉确实没有国产奶粉囗感好
喝。可能国产奶粉更适合中国宝宝吧"
4,宝宝从小就开始喝金领冠了，我家宝宝还是个早产儿，喝着挺适应的，混合喂养，半岁18斤，身体棒棒，消化吸收挺好的，没有上火的现象，也特别好溶解，价格比较合适没有太贵，相信国产，一段喝完二段还继续喝，支持一下
5,奶粉天天见，小娃先起先喝了，还有个大娃呢，刚好都在3-6岁范围内，可以一起喝这个四段，但是奶粉是喝得真快啊，没几天又一罐见底了。孩子们爱喝，喝着也挺好，这样想想也就舒坦了。好奶粉很重要，钟南山爷爷也说每天都要喝两杯牛奶呢！加油！
6,都不知道评论什么了反正一直在买一直在吃，而且宝宝很喜欢喝这款奶粉！好吸收容易消化不便秘！一个字就是好！
7,"正品验证：扫码积分都OK
营养配方：我选的，很放心
消化吸收：吸收很好，宝宝爱喝，白白胖胖
清火功效：不上火不便秘
溶解性：很好溶，宝宝1岁多了，用不着温奶器，水温凭感觉来的
其他特色：武汉特殊时期还能3天送达，爱京东"
8,非常好哦。奶粉很香，瓶盖设计的也很人性化，特别是勺子，还给加长版的，这样对于奶粉快见底了很友好，点赞，之前一直吃有机菁智的，大便总是干干的，自从吃了这个，宝宝便便终于不用使出吃奶的劲了。物美价廉，6罐下来才220多，以后就吃它了。赞赞赞。
9,"质量非常好，宝宝很喜欢喝，而且吃了不上火，最主要珍护含有oPo结构，非常满意,真的很喜欢，完全超出期望值，发货速度非常快，包装非常仔细、严实，物流公司服务态度很好，运送速度很快，很意的一次购物，希望更多的朋友来京东伊利大品牌购物值得信赖。我会再次光顾的。"
10,宝宝从出生到现在一直喝金领冠珍护这个系列的奶粉，这个奶粉非常的好，味道很香，而且不是特别的甜，京东有活动的时候比超市要便宜很多，很划算，每次都买好几罐，送货速度也超级快！宝宝喝这个奶粉，体质非常的好，很少生病，宝宝很爱喝，每天最少保证三顿奶，现在每次150毫升到180毫升。里面有小勺子，用起来也非常的方便，而且还可以积分兑换礼品，非常的好，值得购买！希望京东能够经常搞活动吧，把实惠让给消费者，支持京东！
1,好的很！确实不错！价格也实惠！总之很好吧！先存着！日期也很新鲜！
2,从出生到现在两周四个月一直喝的这个，就连同品牌别的型号都没换过，怕孩子喝了不适应，好喝不上火，奶味很浓香醇，没喝过进口的不知道，反正喝这个孩子身体很棒，也没觉着别人家孩子喝进口的合资的身体壮，主要孩子爱喝就行，有的孩子喝一段时间不喝了，换奶粉才喝，那样孩子可就遭罪了。
3,"正品验证：已扫描底部二维码，验货正品?
营养配方：富含多种宝宝所需营养，DHA，铁，蛋白质含量都很高，而且伊利珍护还有专利配方，安全值得信赖?
消化吸收：宝宝喝了很好吸收，身体长的壮壮的。
清火功效：大便很软，无奶瓣，不干硬
溶解性：45度温开水冲调，刚刚好。"
4,"一直在京东购买伊利金领冠奶粉，方便快捷，看着不够了第一天下单第二天就能送到，去超市觉得太浪费时间了，京东买了送到楼下便利店，下班回家顺路就取回来了，太方便了。
奶粉包装完好，日期也比较新，孩子一直在喝，希望她健康快乐成长。这次碰到双十一购物节，果断买了一箱子屯着，平时我比较反感屯东西，这次有赠品而且划算，就忍不住了。楼下孕婴店一盒婴儿米粉45块， 肉疼，这次还给送了，很好，放心。"
5,奶粉泡起来很香浓，丝滑般感觉。溶解性很好，小孩消化吸收好。宝宝喝了不上火。营养配方很全面。生产日期很新鲜，做活动时价格美丽。很满意，喝完再回购。
6,马上六个月的宝宝，饭量挺大的。基本上一周一桶奶粉。作为父母的，必须要选择可靠的优质的产品，才能放心，安心。伊利金领冠，大娃都在用，二娃也就没选择其他品牌的。京东自营店，可靠，值得信赖。价格还比超市便宜多了，而且本地仓早上拍下午到，非常方便。
7,奶粉下面有正品的二维码，追根溯源，正品有保证。认准京东，营养方面也比较均衡，不比进口奶粉差，而且我宝宝喝了长得健健康康，宝宝很爱这味道，真的很好。而且溶解性很好，用水一泡，就溶解了，很方便的。奶的品质好。购买了两次了，下次还继续买
8,我女儿已经两岁半了，从刚出生就喝的伊利珍护，现在都喝三段的了，没换过奶粉。前一段时间尝试换奶粉的有结果她不喜欢喝，又给换回来了。我也尝了尝，奶味特别浓，很好喝，也非常易容解，易消化好吸收，真的很不错。
9,伊利是中国的大品牌，身为中国人，首选的就是国内的大品牌，宝宝还未出生就备了一罐405克1段的，后来因为奶水不够，一直喝的这款奶粉，现在宝宝6个多月，也由1段转为2段，这款奶粉比较细，很容易泡开，也不挂在奶瓶上，我家宝宝很爱喝。每一罐奶粉底部都有验证码，可以追溯。奶粉原料来自新西兰，很细腻，含有益生菌，宝宝喝了不上火，大便不干不稀，吸收挺好。
10,我家孩子吃了4罐金领冠珍护了，总体感觉是不错的。首先奶粉很好溶解，也不会挂壁，喝完奶之后奶瓶很容易清洗。其次，它的Opo脂肪结构效果还是挺好的，我家孩子吃了好几个牌子的奶粉都会便秘，这款奶粉喝了之后大便都很正常。不出意外的话，还会继续喝这款
1,"正品验证：是正品
营养配方：很全面
消化吸收：好消化易吸收
清火功效：含有益生菌，不上火
溶解性：很好溶解
其他特色：宝宝从出生到现在两岁多，一直喝的是金领冠珍护。感觉很好啦，不会便秘，宝宝的便便一直很好。抵抗力也还不错，就是瘦一点，但是很健康，也很聪明，下次有活动多买点，这个900克的比孕婴店多，孕婴店都是800克。宝宝量比较大，就在京东买，直接送到家也方便，因为疫情特殊情况，特别感谢京东的工作人员，幸苦你们了"
2,"清火功效：家里孩子都喝这个，觉得伊利大牌子可靠。小孩喝不上火，大便不干不稀，吸收挺好。混喂的孩子，喝着挺好的。包装很精美，勺子设计好，折叠的，挖里面可以伸长来。
密封盖，打开方便。
珍护比其他的貌似奶源更加好，值得信赖。"
3,新出了4段，年龄层区分的更细，非常赞。包装升级，更人性化了，无论锡箔纸设计还是勺子，都实用了更多。
4,准备喝3段了，提前买回家方便转奶，现在还没拆。这款奶粉最初吸引我的就是opo，我孩子喝了这款奶粉几乎没有出现过便秘的情况，大便一直很正常。之前喝2段奶粉很好溶解，也不挂杯，味道淡淡的，不会很甜。希望3段效果也不会让人失望
5,我家孩子吃金领冠珍护有一段时间了，宝宝爱喝，身体也长得好，感觉不错，所以一直回购中。这款奶粉很好溶解，不会挂壁，奶瓶好清洗。甜味淡淡的，不会特别甜。从我家孩子便便的情况看，是不会上火便秘的。这次特别留意了一下生产日期，还是近期的产品。
6,"正品验证：扫了二维码，是正品，支持正品
营养配方：进口奶源，其他配比也合理
消化吸收：宝宝喝了这个奶粉，消化吸收很好，大便很正常
其他特色：很好，奶味香甜，呵护宝宝肠胃
溶解性：奶粉溶解性很好"
7,收到奶粉了。从小到大一直喝这个系列的奶粉。现在喝到三段了。孩子很爱喝。也吃不少饭。就是早餐和睡之前喝奶粉。产品绝对正品。喝着很好。不上火。也容易吸收，也很容易溶解。温水即可。保证营养。客服服务态度好。快递也是很快。上午下单。下午到货，性价比高。推荐哦！
8,我家，宝宝的，奶粉都是，在京东，自营买的，搞活动，价格还是很，不错的， 网络，发达很多，东西都是，在京东，买的，我在，努力打字，赢京豆，不容易，几十件，产品，单挨个，评论，
9,昨天晚上刚刚下的单，今天中午就送到了，京东自营的速度现在非常的快啊！派送的快递员也是很有礼貌！伊利金领冠的珍护系列，喝了孩子不上火，营养丰富多样化，确实真的很不错⊙&forall;⊙！这次活动买的价格很实在，实惠哦！
10,正品验证：是正品无疑，我也看了里面的配方，很不错，含有益生菌，宝宝好吸收，营养会更加均衡吧，现在都给宝宝备着，八月份宝宝就出来啦，好开心^_^
1,宝宝六个月就开始吃这款奶粉，我觉得一如既往的好，奶粉细腻清香，微甜，溶解度真的是很好，宝宝吃伊利珍护一直很健康，所以一直都打算吃这一款下去，支持国产支持伊利珍护
2,金领冠珍护，伊利大品牌值得信赖，含有牛磺酸，DHA和ARA，等营养成份。试用这个牌的很好，伊利金领冠的奶粉，买的是900克的，京东自营的品质值得放心，奶粉不容易结块，溶解的也很快，奶粉的味道还是挺喜欢，奶香味淡淡的，孩子也挺喜欢喝，浪费的也比较少，以后合适继续来买，1、包装好，密封完整； 2、配方好，除基本营养成分外，还含有OPO、DHA、牛磺酸等额外添加； 3、奶源好，来自新西兰； 4、口感好，微甜，溶解快，宝宝爱喝。 这罐被我颠了好多下以测试密封性，所以罐口都是奶粉，溶解度很好，基本没有挂壁，自己尝了下，微甜，奶味挺足的，口感不错，宝宝也爱喝。使用感受都是真实的感想，分享给大家。
3,宝宝没出生时就在选奶粉，最后选择了伊利的金领冠，大品牌奶源放心，营养配方合理，含核苷酸的专利配方，宝宝喝了后易消化吸收，混合喂养没有消化不良，没有出现上火、便秘的现象，溶解性很好，摇晃几下就可以完全溶解了，会一直喝下去的
4,奶源好，配方也得好。伊利金领冠珍护里含有&alpha;+&beta;创**白和OPO结构脂，不上火，营养好吸收；还添加了BID复合益生菌和膳食纤维，宝宝不容易便秘。反正我家孩子一直吃这个奶粉，从来没有便秘过，也很少生病，身高和体重一直处在生长曲线正常范围的中上等，特别标准。
5,包装很好，还用了防震的泡沫。很用心。用手机扫了扫底部的二维码，奶粉细腻很容易溶解，宝宝很喜欢这个味道，喝了不容易上火，营养均衡，也不拉肚子，消化很好！一直再要自营的买，因为相信咱家的质量，快递小哥哥也不错！
6,宝贝收到了，快递好快呀，还不错的奶粉，宝宝很喜欢的，真没想到，扫描了二维码是正品，和我在店里买的一样，谢谢客服，态度很好，值得信任，以后就在你家买了，以前我们都是进城去拿这个奶粉，超难跑，现在好了，包邮到家，不用跑那么远了，还实惠一点
7,很多次购买，儿子的口粮经过很慎重选择后才选择的。整体性价比高，营养均衡全面，溶解性良好，很少有不溶解的状况，消化吸收可以，大便没有出现干燥状况，老母亲我感觉放心和安心，毕竟关乎成长的大事，不敢含糊大意。。。
8,宝宝从2月就开始喝金领冠了，混合喂养的，消化特别好，每天都会喝两次，味道香甜，相信国产，两个小侄女从小也是纯金领冠喂养的，聪明活泼可爱可爱的，一段吃完了换2段，价格也合适，没有特别贵，宝宝不挑食，喜欢的
9,"很好的奶粉，家里的儿子一直吃的这种国产奶粉，买3大罐，还送1小罐180克的奶粉。
真实太好,还有1箱奶昔送，不错！
儿子3个月大了，长得白白胖胖，非常俊俏、聪明可爱，长势喜人，1个月长6公分。
没出现上火、便秘的现象。"
10,自从宝宝出生就喝的金领冠，从一段吃到四段，挺好的。一开始是从实体店里买，后来发现京东经常有活动，而且质量，售后都有保障，后来就都从京东买了。金领冠奶粉，奶粉捏起来滋滋响，外观颗粒都比较均匀，奶粉粉质松散，乳黄色，口感细腻，微甜，腥味比较淡！一罐一码可以精准的追溯！营养很好吸收。不错，性价比很高。
1,双十一买的奶粉，赶上优惠价真的很划算，日期也很新鲜，宝宝一直喝国产奶粉，金领冠算的上大牌的了，有专利的配方，更适合中国宝宝，我家孩子喝这款奶粉消化特别好，没出现过拉肚子的时候！这款奶粉唯一的缺点就是不好溶解，沏奶粉的时候要多摇一会，尽量的做到全部溶解！这款奶粉总的来说挺值得推荐的！
2,非常好的奶粉，一直信赖伊利金领冠珍PRO-KIDO护幼儿配方奶粉，来自新西兰的全脂奶粉，孩子吃了很好，皮肤好，没有任何不良反应，吃了两年没有出现任何问题，信任大品牌有保障，富含核苷酸，棕榈酸甘油三酯，以后还会一如既往的支持购买，相信京东商城，京东备货一直高度信赖，让生活变得方便快速美好！！！
3,奶粉挺好的，可以购买，之前一直在超市买的，378一桶，还是这里便，很好很好，可以放心购买可以放心购买，买吧！
4,伊利金领冠珍护的一直在喝，挺好的，营养丰富，还不上火，小妞一直从出生就开始喝啦！京东到货速度非常快，自营店的价格也是非常的实惠和公道，还是非常的不错的，国产大品牌的奶粉也值得信赖！物流派送速度也非常的快！
5,首先这款奶粉是国内知名品牌，亲戚的孩子先喝的这款，介绍我试试的。我们是从飞鹤星飞帆转过来喝的这款。换了这款奶粉以后，宝宝就比之前喝的多了点。我捏了点尝尝，味道比较清淡，很丝滑。给宝宝冲好以后，闻了下，感觉没有腥味，也没那么甜。宝宝比较爱喝。还有送的赠品真的很好，非常喜欢。
6,正品验证：底下扫码可追溯，我还能得积分，宝宝从出生一直喝珍护奶粉，效果很好，不便溺消化好，吸收好！而且奶粉的日期都非常新鲜，基本上都是上个月的生产的，赠送的礼品也很给力
7,"溶解性：特别好溶，不起泡，有时我都没有去摇，无挂壁
营养配方：配方好，特别添加不上火，宝宝刚开始喝的菁护，有过两次便秘，喝了珍护，每天大便一次，现在睡眠也挺好，消化吸收也好，也不知是宝宝以前小，吐奶多，现在80天很少吐奶，欢迎喝珍护的宝妈和我交流"
8,一直都是在京东购买，宝宝吃了不上火不便秘，宝宝之前吃合生元拉屎才换金领冠，每次购买前看直播抢优惠券再下单很优惠很多，购买还有牛奶送或者玩具太给力，经常是还没吃完看到有赠品送又下单??
9,"正品验证：京东商城的东西质量有保证
营养配方：很完善，宝宝吃了7个月了，白白胖胖18斤，2段也不准备换。
消化吸收：非常好，拉粑粑正常
清火功效：没有出现上火症状。
溶解性：好溶解，香香的。
其他特色：金领冠是大品牌，俩侄女吃的也是这，聪明活泼可爱哦，国产东西更放心。加油"
10,"正品验证：可积分
营养配方：好吸收
消化吸收：好消化
清火功效：不上火
溶解性：不挂壁
其他特色：宝宝很喜欢，没有不好的反应。喝了5个月了，一如既往的支持。送的小行李箱，很可爱，刚刚好喜欢这个颜色。"
1,"正品验证：是正品，扫码可以追溯产品信息！
营养配方：种营养 配方搭配很好，宝宝好吸收，吃了不上火！
消化吸收：宝宝吃了这款奶粉很好吸收，不上火不便秘！
清火功效：还有清火功能！
溶解性：很好溶解，轻轻摇晃几下就溶解了，很方便！
其他特色：口味很好，宝宝爱吃，推荐大家购买！"
2,"正品验证：扫码后查真伪，正品，很放心！
营养配方：配方齐全，宝宝喝了营养又健康！
消化吸收：宝宝喝完大便很正常，容易消化！
清火功效：按照说明冲奶粉宝宝不会上火，很不错！
溶解性：溶解性好，不会有化不开的，很喜欢！
其他特色：价格还能接受，优惠时买很划算，以后常来光顾！"
3,宝宝一出生就是喝的金领冠珍护，因为我不母乳喂养，听说金领冠珍护是最接近母乳的奶粉就选择了这个奶粉，原料全脂奶粉，来源于新西兰，宝宝吃的很好，现在三个多月了，66CM，16斤?，医生都说宝宝吃的很好，棒棒哒
4,正品验证：正品，有遡源码，新西兰奶源营养配方：含有DHA，核苷酸消化吸收：吸收很好，宝宝一直金黄色粑粑，四个月，14斤多，抱出去都说身体好清火功效：不上火，宝宝喝奶期间没有上火过，我一直给有喝水溶解性：感觉跟水质有关系，有时候有块块，有时候很好溶解其他特色：大品牌，@企值得信赖
5,回来一打开就先扫描，是正品，这个营养配方加了益生菌，宝宝喝了肚子舒服，不会便秘，也不上火，吸收的也可以，有点奶瓣也很正常，120毫升的奶粉也容易溶解，每次屯奶粉还送安慕希，大人也有奶喝，快递速度很快服务态度好
6,浓浓的奶香，熟悉的好奶粉，宝宝第一口奶就是喝的伊利金领冠特别的给力，奶味特别的足，他也挺喜欢喝。之前用的别的奶粉。把奶粉给换过来，挺好换的。还是相信国产的大品牌。味道又好。价格也合适。用了以后大小便挺正常的，而且不容易上火，孩子也挺喜欢喝。京东送货一直给力，很好，加油欧
7,"正品验证：京东自营加超市加旗舰店，应该是没有任何问题。
营养配方：有dha，等等，反正挺全的，挺好的。
消化吸收：含有利于肠道的，小孩一直肠胃不好，看看以后效果怎么样。
清火功效：昨天刚喝一次，以后看看效果怎么样。
溶解性：溶解性好，加水速溶，很不错。
其他特色：姑娘说香香的，好喝哈哈！"
8,最初接触伊利金领冠珍护奶粉是在超市，理货员积极介绍这款奶粉，后来孕妇群里面聊天，也很多人都说伊利的不错，口感非常好，孩子消化吸收更好些，所以就先在京东买了一小罐，405克的，喝了以后孩子也确实没有上火，拉稀的现象，就坚持服用了，
9,"看电视买的，觉得明星代言可靠。小孩喝不上火，大便不干不稀，吸收挺好。混喂的孩子，喝着挺好的。
包装很精美，勺子设计好，折叠的，挖里面可以伸长来。
密封盖，打开方便。
珍护比其他的貌似奶源更加好，值得信赖。"
10,一直京东买的这款奶粉，以前3段，，现在4段，和母婴店超市没什么不同，应该是正品。奶粉营养全面，宝宝爱喝，易消化吸收，不上火。倒入奶瓶后正常摇晃几下就溶解了，不结块不结巴，挺好的。物流真的神速，正常头天晚上下单，第二天就到了，快递小哥服务还很到位，这也是我一直京东购买的原因。
1,大宝小时候喝的雀巢，雀巢太甜，大宝牙不好也不知道是不是喝太甜的奶粉喝的，而且到现在还是爱吃甜。所以二宝他爸挑了很久，最后决定用金领冠珍护，这个我尝过，不甜，很香，也很好冲，不结疙瘩，孩子爱喝也不上火！挺好的，赶上京东有活动的时候就囤一箱
2,哈哈，从月子里吃到现在，马上六个月了，多吃两桶在转奶，等到快七个月再转，后边会换奶粉，还没想好换奶粉哪个比较好，但是为了营养均衡，决定换个试试。这款我们家宝宝长肉肉很快，身高也还好，二段换一个吧，加油。
3,孩子一岁了 想换换奶粉 之前怕过敏喝的雀巢超级能恩 现在一岁了 感觉没有什么过敏的情况。就合计换个普通奶粉喝 研究了很多奶粉 飞鹤 完达山 飞鹤有点腥孩子不爱喝 这款奶粉是朋友介绍的 她家孩子喝着；。之前也研究睿护来着 鲜奶罐装 但是没有这个成分好。纠结了很久最后选的这个 试试准备喝一阵 如果孩子很消化吸收好 就会一直喝下去的 支持国货 不要盲目崇洋媚外 而且搞活动的时候买也是很划算的
4,相信京东，相信大品牌，宝宝一直是喝的这个牌子的，容易消化吸收，宝宝吃了不上火，宝宝还挺喜欢喝的，已经买过好几次了，也特别好溶解，容易沏开，营养好吸收，主要宝宝挺喜欢喝的，店家服务态度特别好，以后还会再来的。
5,收到货之后检验一下，确实是正品，奶粉很细腻，有一股淡淡的奶香味，宝宝很喜欢喝，目前宝宝正在逐渐增加辅食，奶粉已经是辅助。不过是不可缺少的，伊利金领冠珍护一直都是首选的，接近母乳，符合宝宝的口味，值得购买，推荐大家！
6,"验证了，是正品。搞活动时买的，算下来挺合算的，小孩子喝的感觉挺好的，没拉稀，吸收挺好的。溶解性棒棒的。不要一次性放很多勺子奶粉之后再摇，放2-3勺子奶粉之后摇摇，然后接着再放奶粉，这样溶解的非常好，放心吧，指的购买，价格实惠，750元。
       期待这样更优惠的活动！京东，加油！"
7,"正品验证：扫码可追溯
营养配方：营养均衡，适合中国宝宝
消化吸收：便便湿润
清火功效：宝喝了 不上火
溶解性：非常好溶解，没有奶瓣
其他特色：宝宝特别爱喝"
8,金领冠奶粉国产大品牌，奶香清淡，宝宝比较小所以选择的珍护系列，好吸收，好消化，没有便秘现象，奶源放心，溶解性也非常好，没有挂壁现象，活动购买特别优惠，相信京东自营，快递小哥给送到家，省去超市购物的时间，特别好，棒棒哒
9,伊利金领冠珍护，国产奶粉，适合中国宝宝体质，原料全职奶粉，来源于新西兰，含膳食纤维，膳食纤维有助于维持正常的肠道功能，富含核苷酸，含二油酸，棕榈酸甘油三脂，添加益生菌，更适合宝宝娇嫩肠胃，母乳不够，依然选择金领冠珍护，从闺女出生就喝，因为以前大宝也喝过伊利金领冠，京东商城优惠买的划算，会一直回购，非常满意。
10,小吹头发的机子很轻便，质量挺不错的，很迷你，去哪都带上，不要太方便了
1,"正品验证：宝 一直吃这款奶粉，验证正品，宝宝爱喝不上火，溶解快，不挂壁
营养配方：配方很丰富，营养全面
消化吸收：宝宝吸收好，不拉肚，不涨肚
清火功效：反正没上火过"
2,宝宝很爱吃，也不上火，大便也好了，不便秘了，**很优惠。吃奶粉和母乳，长大后没有什么区别，但是相比之下母乳营养更好，会可以产生免疫力，宝宝没有那么容易感冒。而奶粉如果喂养不当可以让宝宝出现消化不良甚至是过敏的现象的出现，母乳则不会导致宝宝出现过敏的现象。一般情况下，更建议让妈妈你母乳喂养，一方面可以提高孩子的机体免疫力，其次还能节约成本。
3,疫情期间，从爱她美卓萃换到金领冠珍护，转奶很成功，宝宝适应新奶粉，不便秘，不拉肚子，粑粑颜色很好看，很好消化吸收。宝宝长肉也可以，一个月2斤。最开始从实体店购入，可以网购后就行京东买了，和超市的一样900克，实体店有2种800克和900克，3张渠道的奶粉都尝过，味道没什么区别，京东价格更优惠，每月都要买几罐。
4,跟我在实体店买的一样，包装很好，没有破损，一直买这个品牌的奶粉，宝宝很爱喝，口感很好，容易溶解，没有结块，宝宝喝了不上火，易消化，大便正常，搞活动买的，很实惠，日期挺新的，快递很快，服务也很好，挺好的
5,溪溪从小喝到大，个子高高的，壮壮的，感谢伊利～搞活动买的话也不是很贵，屯了一些。京东购买，最大的优势是比较方便快捷，折扣力度也大，包装的很好，奶粉细腻，味道清淡，喝了不上火，每天一罐奶粉，一罐金典，足够补钙了。
6,"营养配方：宝宝吃了五十多天了，奶粉营养，宝宝很喜欢吃，很适应金领冠珍护婴儿配方奶粉
消化吸收：好消化吸收
溶解性：容易溶解
清火功效：宝宝吃了不上火"
7,这个奶粉是我精挑细选出来的，首选他是大品牌，很放心，然后配方很好，还是专利产品，最重要的是很清淡，孩子喜欢喝，没有很重的奶味，比较对儿子的口味，再好的东西孩子不喝也白费力气，所以虽然价格稍微小贵，还是坚持给孩子喝这款，爱吃就好，大家可以试一下
8,趁着活动，刚好家里的只有半罐了，赶紧又入了三罐，感觉自己棒棒哒！各个柜子到处腾地方放奶粉，哈哈哈。两个孩子都在3-6岁，喝起来也很快，囤货要hold住。每罐奶粉底下都有正品验证，非常可靠。而且好奶粉冲泡的时候就可以感觉出来，孩子的脸色和便便情况也会有所反映。喝了这么好几年金领冠珍护了，很棒哦～
9,收到货有几天了，儿子指定要喝的奶粉，也是刚挽的奶粉，他非常爱喝，营养全面，易消化吸收，不易上火，溶解性高，有一股淡淡的奶香，物美价廉，下次还会继续回购。
10,我自己家宝宝8个月，闺蜜家宝宝10个月，同事家宝宝一周3个月，都是伊利金领冠的忠实用户，宝宝没有排斥，很爱喝，吸收也很好，便便也正常，营养丰富，宝宝都胖胖的，溶解性也不错，没有小疙瘩，相信京东自营正品保证！
1,:包装好，送货速度快，配方好，含OPO    DHA    牛磺酸，溶解性高，基本没有挂壁现象，之前买过别的品牌，宝宝都不爱喝，买这个之前，还担心宝宝不喝，到货以后试了一下，口感很好，宝宝也爱喝，以后就买它了。。。
2,在京东买东西很快，昨天下单今天就到了很快。今天已经给宝宝喝过了，宝宝很爱喝，奶粉很细又种淡淡的奶香味很好。宝宝现在刚一岁多，有活动会回购的。
3,第二次复购了，产品挺好吸收的，不容易上火，不会便秘等问题，溶解性也特别好，不会有一坨坨的奶粉出现，冲泡轻轻摇晃一下就可以喝了，挺满意的
4,"正品验证：正品保证，可验证，有追溯码，而且可以去伊利爱儿积分。
营养配方：新西兰奶源，含有opo成分。
消化吸收：好消化易吸收，吃了不上火大便都很正常。
溶解性：一般都会提前5分钟去冲泡奶粉，时间更充分，溶解更好。
其他特色：接近母乳配方，一直在吃。"
5,很好，是正品，价格优惠，送货快。宝宝爱喝，溶解性好，容易起沫，但是孩子喝了还行，没什么不良反应，总之很放心
6,"消化吸收：生出到3周岁一直喝这个奶粉，好吸收，不便秘
正品验证：可以积分，有追溯码
溶解性：颜色很正，溶解很快"
7,"正品验证：扫码验证了一下，是正品不错，赞！
营养配方：加了opo和复合益生菌，宝宝大便很好，赞！
消化吸收：宝宝消化好。
清火功效：有点上火，不过没之前的重。
溶解性：溶解性不是很佳，要摇的大力点，起泡很多
其他特色：勺子不错，大小正好，一下去一勺刚刚好，还可以拉长了使用，赞！"
8,买了4桶了，还可以，每次都是为了赠品去买的，送的QQ星很好喝，奶粉的话我也看不出什么差别来，京东的东西一直都很信任，也是京东的老粉丝了，京东服务好，售后好，速度快，很有保障，家里基本所有的东西都是京东买的
9,奶粉是好奶粉，我侄儿从出生一直吃到现在，味道很正，口感不错，放在奶瓶里面兑水的时候也很容易溶解，没有起坨之类，孩子吃了也没有拉肚子什么的，伊利奶粉专卖店里面买的应该都是正品，有保障，孩子吃了安全也放心，，
10,之前怀孕的时候就已经买过这个金领冠牌子的孕妇奶粉了，现在宝宝长大了，所以就还是想着换回这个牌子的奶粉！金领冠珍护4段奶粉，我儿子喝了很不错，很容易吸收，而且也不怎么便秘了，他很喜欢喝，因为口感不错，甜甜的，而且溶解性很好，价格也非常实惠，会继续支持的哦！
1,"正品验证：正品，应该是正品，感觉没问题
营养配方：营养十足，配方奶粉，足够的营养成分
消化吸收：还可以，孩子吸收消化的挺好的，感觉不错，整体给一个赞
清火功效：还可以吧，基本上不上火
溶解性：溶解性非常不错，易溶于水，很不错
其他特色：整体好评"
2,宝宝从出生就选择了这款奶粉，宝宝特别喜欢喝，相对来说这个比较贴近母乳，比较好消化吸收，喝完也不胀气，奶粉的溶解性特别好，放进水里很快就溶开了，转动奶瓶也不会起沫，听别人讲喝配方奶容易上火，但我家宝宝喝这个从来都不上火！！
3,宝宝从出生到现在一直在喝金领冠珍护系列的奶粉，很好，小朋友消化好，长得好，很满意，也介绍亲戚喝这个奶粉，都觉得很好，一直关注奶粉的活动，希望活动再优惠点，一直支持，挺不错，价格适合，微甜，小孩每次喝完，都说，我爱牛奶
4,"正品验证：京东品质，值得信赖
营养配方：配方非常好，宝宝吃着也不会拉肚子，也不会便秘，也不会上火
消化吸收：宝宝特别容易吸收，吃的胖胖的，身体棒棒
清火功效：这会奶粉是不会上火的
溶解性：非常容易溶解
其他特色：每一次打开都非常方便"
5,"现在成功转奶伊利奶粉，一段吃完又吃二段、吸收挺好，孩子吃的很好、大便正常了，变成健康的黄色大便，以前是墨绿色的，还可以积分、兑换礼品赠送礼品、很满意，支持国产
正品验证：正品，追溯奶源，积分
清火功效：不上火"
6,"一直都买伊利珍护的奶粉，现在都买到三段了，哈哈，宝宝吃着一直很不错，也就没有换过其他，这个奶粉也是清真的，身边的朋友的宝宝也有吃这个奶粉的，一致反映都是很好。
正品验证：相信京东官方旗舰店
消化吸收：宝宝正常消化吸收，没有不良反应
溶解性：四十多摄氏度的时候超快溶解，无结块"
7,从宝宝出生一直再喝一个奶粉，非常的好，宝宝也非常爱喝，在京东上面买这个奶粉，比任何地方都要便宜，经常有各种各样的活动，非常的优惠，很满意，也绝对是正品，都可以积分的，我们已经换了好多东西了，非常好，买奶粉就来京东买啊，一点毛病都没有啊，以后也会剧续买，一直在京东。希望京东做的越来越好。越来越大。
8,"正品验证：验证和积分都没问题，应该错不了。
营养配方：配方挺全面的，比2段少了个硒，没有乳铁蛋白，其他的基本都有。
消化吸收：口感不错，孩子爱喝，消化吸收没发现啥问题。
溶解性：易溶解，没有结块成坨。
其他特色：勺子的加长设计很好，日期挺新的，去年10月的，相对不错。"
9,孩子半岁后就开始喝这款奶粉，儿童医生推荐的，现在快两岁了，很好，好吸收，不上火，也没有任何不适，一个星期一桶。出门在外也不需要带奶粉，京东直接送到目的地，服务特别好。
10,宝贝收到了，快递好快呀，真没想到，扫描了二维码是正品，和我在店里买的一样，谢谢客服，态度很好，值得信任，以后就在你家买了，以前我们都是进城去拿这个奶粉，超难跑，现在好了，包邮到家，不用跑那么远了，还实惠一点！！！
1,奶粉很好，奶味香，没有腥味，宝宝很喜欢喝。大宝也喝金领冠，配方很好呵护宝宝肠胃，不便秘，没加速溶剂这点也非常好。之前是母乳喂养，母乳不够宝宝体检一直不达标，五个月开始喝珍护，前天去体检已经达标了，好开心！
2,"正品验证：扫码可以积分应该就是真的了，其他的也不知道怎么判断
营养配方：据介绍是易于吸收类型的，营养全面，适合新生宝宝
消化吸收：效果好，宝宝长得快
清火功效：加入去火的成分，吃了不上火
溶解性：易于溶解，没有疙瘩，易于冲调，温水泡开很好
其他特色：奶香味不是特别浓，和母乳味道相近，"
3,支持国产奶粉，一直相信京东自营，奶粉好溶解，易吸收不挂壁，非常不错，混合喂养的宝宝从出生就喝金领冠呵护系列，口感清淡有淡淡的奶香，不是特别甜，宝宝不上火，好吸收，不便秘，就是妈妈的选择，京东送货快，质量有保证，继续支持国产奶粉
4,一直纠结该买哪个牌子的奶粉，评价也是各不相同。最后还是看中了伊利这个大品牌。先买了一小罐，宝宝挺爱喝的，也没有拉肚子便秘的现象。这个奶粉特别细腻，用水很好冲开，也不是那种很甜很香的口味，很清淡。夏天喝是很好的。宝宝夏天不爱吃饭，喝上一杯营养就够了。
5,喝了几个月，很好，小朋友消化好，长得好，很满意，家里面3个孩子，都在喝，女儿们喝4段，儿子喝3段，也介绍亲戚喝这个奶粉，都觉得很好，一直关注奶粉的活动，希望活动再优惠点，家里面3个孩子在喝，一直支持，挺不错，价格适合，微甜，小孩每次喝完，都说，我爱牛奶
6,"正品验证：手机可验证，安全可靠
溶解性：溶解性好，不会挂瓶壁
消化吸收：易吸收好消化，不上火，不便秘
营养配方：比较专业，相信大品牌，已经喝了15罐+了
生产日期是2019年10月，很新鲜，跟店主说得一样，很好
京东物流超快，晚上下单，早上到货，感谢京东"
7,伊利金领冠奶粉珍护系列，口感很好，娃娃爱喝，配方全面，娃娃喝了不上火，排便也很好，京东自营买的，正品保证质量，娃娃不爱喝甜的奶粉，这款奶粉口感清淡，很适合我家宝宝，小宝三岁三个月了，从小到大一直都是伊利金领冠珍护系列的奶粉，真的很好啊！
8,收到宝贝了。每次都是买两桶。这次做活动。又买两桶。真是很大的粒力度。绝对正品保证。值得信赖。配方营养全面。易消化吸收。不上火。很好。溶解性也很强。温度不用很高。很容易溶解。孩子可以直接喝。不喜欢喝热的。只喝温的。客服服务态度好。物流也很快。
9,"正品验证：是正品，京东自营商品可靠，很好的，扫了二维码，还领了积分，应该是正品
营养配方：配方好，宝宝吃了身体好，应该支持国货
消化吸收：容易吸收消化，很好，宝宝喜欢吃
清火功效：不上火，宝宝吃了不结便，挺好
溶解性：溶解性很好，我基本没有用调羹
其他特色：快递很好，速度很快包装很好"
10,这个奶粉孩子非常喜欢喝，营养价值方面，咱不是太懂，总之孩子爱喝的就是好的，而且伊利是大牌子，相信品牌的力量不会错，之前在母婴店看过他们的奶粉很奇怪，每桶是800克，也不知道是真是假，总之京东购物方便伊利大品牌值得信赖！
1,"0.229。疫情之前就已经在京东网购了，这段时间更是方便。自由物流速度很快，当天就到了。
正品验证：能追溯，没回溯过。可积分，亲测有效。
营养配方：配方均衡opo。
消化吸收：易吸收。
清火功效：没有发现上火症状。
溶解性：易溶解，加水摇匀即可。有时水温太低了溶解慢些。
其他特色：国产品牌。"
2,"一如既往的好，回购多次，宝宝吃的各方面都挺好的，便便也很正常，也不上火，发育也很正常，除了基本营养外，还含有OPO，DHA，牛磺酸等额外添加，并且奶源也好，来自新西兰。
消化吸收：从怀孕就准备的金领冠珍护，宝宝出生后喝珍护不上火也不便秘也不腹泻，非常好
其他特色：口感好，微调，腥味比较淡，奶粉粉质松散，乳黄色，很细腻，这次还送了个小画板，非常满意！"
3,最喜欢京东速度，所以选择京东，奶粉开始就用的金领冠，挺好的，活动价很给力，营养也足够，孩子看起来挺喜欢喝，溶解性也蛮好，不会挂壁，不容易上火，听说还有益生菌成分，性价比还是非常高的，送货速度，配上京东质量，首选
4,京东自营搞活动买了两桶，还赠送了澳贝的扭扭车，太值了，扭扭车太炫酷了，自己动手安装了二十分钟就好了，红黑色搭配，太酷了，孩子们喜欢的不得了，玩起来就停不下来，一直在京东自营买奶粉，伊利金领冠珍护系列的奶粉，老大老二都在喝，希望以后还能多搞一些这样的活动。
5,半岁后一直喝这个牌子奶粉，儿童医生推荐的，现在21个月。不上火好吸收，孩子也喜欢喝。出门在外也不需要带，京东物流很快，直接送到目的地，方便安全。
6,宝宝六个月就开始吃这款奶粉，都没有换过其他牌子，我觉得一如既往的好，奶粉细腻清香，味道微甜，溶解度是真的是很好，奶瓶每次喝完都是干干净净的，宝宝吃伊利珍护一直很健康，所以一直都打算吃这一款下去，支持国产支持伊利珍护
7,伊利大品牌值得信赖，含有乳铁蛋白，喝伊利奶粉不便秘，不上火，感谢京东快递员小哥，冒着雨，送到家门口，真的很方便，一直信赖，金领冠珍护。
8,孩子一直喝金领冠的奶粉，我觉得挺好的，不是特别甜，但是孩子也挺爱喝的，平时也不太爱生病，抵抗力也就可以，好评～我觉得特别棒的是，这个勺子的设计特别合理，是可以折叠的，喝到下面没了，还能把勺子展开来用，我觉得很细心的设计～
9,"营养配方：营养好
消化吸收：宝宝吃了很好，没有过敏反应
正品验证：对 正品
清火功效：一点不上火
溶解性：非常容易溶解
其他特色：不甜腻，可口"
10,伊利金领冠珍护婴儿配方奶粉，好奶粉，伊利造。大品牌，值得信赖。家里添了二宝，经过慎重比较，挑选了伊利金领冠珍护系列奶粉，宝宝一直喝的是这个，消化易吸收，含有益生菌，喝了不上火，易溶解，营养配方很全面，宝妈们的首选！特别推荐！
1,冲泡情况:用50度左右的水溶，很好溶解，晃晃后没发现有结块。水凉会有点。色香味:有淡淡的奶香和豆香味，甜味也洗。适用年龄:我们家宝2岁半。配方:看了内容挺全面的，个人觉得比单- -喝牛奶好。尤其是补充铁方面。食用效果:宝挺喜欢喝的。以前也买过爱他美、雀巢、美赞臣之类，都不怎么喝。金领冠我先买了1大1小试试，看宝喝不.喝，谁知到后面喝得起劲，一天充3次250mL。真喝起来，很快一大罐就没了。
2,金领冠奶粉还是挺不错的，做活动价格也很合适，宝宝喝了不会上火，营养丰富，奶粉很好，味道很香，孩子喜欢，浓浓奶香味，包装很好，没有破损，喝完还会回购的，奶粉看起来很不错，值得购买，价格合适实惠，京东上买还是很划算的。
3,相信京东自营的信用和名誉，没有去验证。营养配方齐全，比金领冠其他系列的多加点营养。宝宝爱喝，好消化吸收。宝宝喝的多，也没有上火，还不错哦。易溶解宝宝喜欢自己冲奶粉。包装正品，送货很快，在当前情况下，当日下单，次日到达，很好
4,第一个宝宝就选择的伊利，这次还是，一直从京东上购买，宝贝是正品，有发票，发货很快，物流包装保护的也很好，收到宝贝后，立即打开，奶粉淡淡黄色，有很浓的奶香，给宝宝冲，溶解性非常好，没有结块，宝宝消化的也不错，营养打配也好，一次愉快的购物，下次还会来！
5,"正品验证：是正品，在网上扫瓶罐底的二维码，可以积分。积分还可以兑换礼品。
营养配方：富含宝宝所需的营养，喝起来有点淡淡的甜味，宝宝很爱喝。
溶解性：溶解很快，冲奶粉后，只要看见奶粉不沾奶瓶壁，就可以喂宝宝了。
消化吸收：吸收好，宝宝明显比同龄长的高。"
6,"正品验证：没问题，扫码验证
营养配方：配方齐全，适合宝宝
消化吸收：孩子很喜欢，喝了消化很好，也不便秘
溶解性：溶解很好，没有摇不均匀的"
7,"正品验证：已经积分了，是正品，京东自营没问题！
消化吸收：家里二宝一直都吃珍护，按照配方冲奶，还没有不消化的情况，孩子吸收很好！
溶解性：奶粉溶解性也不错
其他特色：在京东自营店买比较放心，正品有保障，很放心，囤货的宝妈经常关注京东可以经常捡到实惠！"
8,查过了，是正品。宝宝喝了之后会吸收很好。而且感觉这个奶粉不挂壁。冲来速度很快 腥味不大宝宝爱喝   不上 火 值得购买 很喜欢的一款奶粉 二段三段都在京东买的积分都能 正品有保障 3段再便宜些就好了哈哈? 气
9,"正品验证：货真价实
其他特色：味道真不错
营养配方：营养全面
溶解性：搅拌容易完全融化
清火功效：不上火，很不错
消化吸收：容易消化"
10,"正品验证：扫码验真是正品，一直再喝这个牌子的奶粉，喝着没问题，没有上火的问题
消化吸收：吸收很好，宝宝很胖乎，个子也很高，身体很壮
清火功效：一直喝没有上火的问题。
溶解性：温水冲就可以，晃几下就溶解了，没有成疙瘩现象
其他特色：包装好，送纯牛奶，安慕希，老大老二都能喝"
1,这次买的是900克的，来买了好多次了，京东自营的品质值得放心，，溶解的也很快，奶粉的味道还是挺喜欢，奶粉不容易结块奶香味淡淡的，孩子也挺喜欢喝，奶源好，来自新西兰； 口感好，微甜奶源好，来自新西兰； 配方好，除基本营养成分外，还含有OPO、DHA、牛磺酸等额外添加，这罐被我颠了好多下以测试密封性，所以罐口都是奶粉，溶解度很好，基本没有挂壁，自己尝了下，微甜，奶味挺足的，口感不错，宝宝也爱喝
2,正品验证：一直都在京东买，宝宝喝着无不良反应，应该是正品 营养配方：含有DHA，宝宝不便秘，也挺喜欢喝 消化吸收：宝宝吸收很好，相信国产的力量，宝宝爱喝，妈妈放心，吃的胖胖的 溶解性：很好溶解，加上48度的水，不结块，很均匀，超级超级棒，这次赶上活动多囤几箱
3,宝贝从出生一直喝伊利金领冠，味道不错，喝了不上火，，互肠道好吸收，宝贝很喜欢。这款奶粉添加了各种宝宝成长发育的各种营养成分，对宝宝的成长非常好。金领冠这款奶粉还经常搞活动 ，优惠力度很大，性价比非常高，相信国产大品牌奶粉，金领冠。
4,小孩子出生了，不知道买什么奶粉好，在医院外面的母婴店买了一罐很小的，花了90。。后来知道那是赠品！！！！气死我了。不过小孩子吃了感觉挺好，也不想换了，所以就在京东上来看看。最后选择了这个，挺不错的。吃了这么久，感觉很好。这次618又买了3罐，等到了再继续评论。美滋滋啊！希望一如既往地好！
5,"正品验证：底部二维码，保真，还能积分
营养配方：dha，opo，该有的都有
消化吸收：宝宝出生开始就喝这个，一直挺不错的
溶解性：溶解性特别好，基本不需要额外晃动奶瓶，奶瓶里没空气，宝宝喝了减少漾奶吐奶，拍嗝也快很多，
清火功效：喝到目前不上火，身边朋友也反映喝这款很少上火，"
6,"正品验证：正品
营养配方：Opo
消化吸收：看着还行，还算吸收良好
清火功效：吃奶粉的宝宝肯定得喝水，还好吧
溶解性：水温控制好，溶解性没得说，灰常好
其他特色：奶味浓郁，宝宝很喜欢，吃完奶粉，打完嗝儿，很开心的很满足的样子
四个月了，没有母乳，从出生到现在一直吃这个，还好吧，还会回购的，望国产奶粉越来越好，越来越放心"
7,"正品验证：可以积分，多次购买，应该是正品
消化吸收：好吸收，一直在喝
清火功效：没有上过火，这款应该对肠道比较好
溶解性：很好溶解，没有块
营养配方：营养全面，一直在喝，怕孩子偏食，营养不全面，所以每天都喝一点
其他特色：希望多点活动，现在活动越来越少了，还是比较贵的"
8,我家宝宝出生就喝伊利的，我觉得应该属于国产中有点牌子吧，不是杂牌子，粉质细腻，淡淡的奶黄色，味道很香，接近母乳的味道。京东购物特别方便，不用排队，不用提重，方便快捷，快递哥哥送货上门，他态度也是一级棒。
9,伊利大品牌，非常非常值得信赖，非常有良心的企业，宝宝从小到大，一直都是吃伊利的奶粉长大，抵抗力强，非常非常不错，宝宝刚出生前6个月吃其他品牌，抵抗力太差，后来又换伊利了，然后慢慢的就很棒，身体棒很多，非常非常好，非常非常满意，现在宝宝已经吃到4段奶粉了，3岁多了，唯一一点就是为什么4段奶粉没有积分？哎呀，好悲催。京东值得信赖，京东快递简直是一流，五星好评，给力！有京东，方便你我他，五星?????
10,"正品验证：查询积分码，可以积分，可以追溯，有检验报告。
营养配方：营养好，吸收好，小孩一直吃。
消化吸收：吸收好，
清火功效：不上火，每天拉吧
溶解性：先倒水，奶粉点进去，摇一摇，很快溶解，不沾奶瓶。
其他特色：京东自营送货快，快的当天到，慢的隔天就到了。家里都是在这里买的。"
1,"正品验证：是正品，以前吃的英氏，现在换国产，挺好！
营养配方：适合中国儿童，姑娘特别爱吃！
消化吸收：吸收感觉不错！
清火功效：好像没怎么上火！
溶解性：溶解性特别好，没有结块，很容易溶解！
其他特色：很有特色的香味，姑娘特别喜欢味道，每天晚上要各一瓶才睡觉，以后继续支持，继续买！"
2,家里两个宝宝，一直喝伊利婴幼儿奶粉，大宝喝的是金领冠老款，二宝喝的是珍护。两款奶粉都很好，易吸收。尤其是珍护，比老款味道好很多，特别香甜，宝宝爱喝。活动购买更优惠，多囤了一些，希望有更多好活动，就多买点。
3,宝宝从出生就吃这个奶粉，一直京东购买，包装很仔细，价格比超市便宜很多，并且很好冲泡，相信京东！宝宝吃这个奶粉拉臭臭挺正常的，不上火，有&alpha;和&beta;蛋白组合，*p*结构脂，复合益生菌营养好吸收，支持国货从娃娃做起?
4,"正品验证：京东卖正品才在上面买，质量信得过。
营养配方：营养丰富，含有各种营养成分，比较合理，均衡营养！
消化吸收：易于吸收，吸收无障碍。
清火功效：自带清火功能，小宝宝吃了不上火！
溶解性：很好溶解，不会成团不溶解，在奶瓶晃一下就溶解了。
其他特色：口感好，小宝宝喜欢喝。"
5,买过买过30多罐了，能优惠点吗？宝宝出生到现在一直吃的珍护1、包装好，密封完整；2、配方好，除基本营养成分外，还含有 OPO 、 DHA 、牛磺酸等额外添加；3、奶源好，来自新西兰；4、口感好，微甜，溶解快，宝宝爱喝。这罐被我颠了好多下以测试密封性，所以罐口都是奶粉，溶解度很好，基本没有挂壁，自己尝了下，微甜，奶味挺足的，口感不错，宝宝也爱喝。拍照拍的不是很好，见谅，使用感受都是真实的感想，分享给大家。
6,宝宝换奶成功，之前一直都是喝的美素佳儿奶粉，有些难溶，而且摇晃很容易出现泡泡，后面朋友推荐我试试金领冠珍护，特意强调这款奶粉含有益生菌，之前都是单独将益生菌粉放在米糊里给宝宝吃的，现在换了这款奶粉，我再也不用单独给宝宝吃益生菌粉了，最主要的是宝宝很喜欢珍护奶粉，奶量也是大增，很满意
7,"正品验证：可追溯，应该是正品吧，
溶解性：很好融化，不会挂壁，
消化吸收：宝宝易消化，没有什么腥味"
8,扫码验证确是正品，包装很严密。宝宝之前都稍有点便秘，便便较干且少。喝了这款珍护后，情况有改善，希望这款珍护能给我家宝宝能更多健康更多的营养呵护！活动期间还送了酸奶，老婆也很喜欢喝，口感不错。???大宝小宝都满意！
9,发货很快，还可以，宝宝爱喝(?&deg;з&deg;)-?，一直在这里购买，喜欢国内品牌，朋友亲戚都喝这个，推荐购买发货很快，还可以，宝宝爱喝(?&deg;з&deg;)-?，一直在这里购买，喜欢国内品牌，朋友亲戚都喝这个，日期也新鲜
10,一直在京东上给孩子买奶粉，是正品，很放心。营养价值方面也很合理，味道淡淡的，不是很甜，孩子喜欢喝，喝了也没什么不良反应。而且溶解性好，容易吸收，孩子一直喝这个牌子，没有什么不适应，会一直坚持买下去。国产大品牌，值得信赖。
1,"正品验证：罐装底部有二维码，追溯是正品。积分也可以充值兑换
溶解性：遇水就溶，溶解度很好，宝宝很爱喝。
其他特色：包装严密，密封性很强
消化吸收：每隔3小时就喝200多ml，基本每天一次大便，不干燥不便秘
营养配方：这个不怎么懂，孩子个子正常范围，不矮，
一直购买这款"
2,从出生开始就吃这款奶粉，妈妈没有奶水没办法，这款奶粉最大的优点就是拉便便好，每天都很顺便，还有就是宝宝爱喝不上火。实体店的又太贵，还好有京东，价格实惠送货快，今天拍下明天到，这速度真的可以的，京东商城我信任，伊利品牌我更信任，还会一直吃下去。
3,喜欢在京东上买东西，快，有保障！大宝断了半年的奶粉。也不好好吃饭，抵抗力下降总是流鼻涕。现在又开始喝配方奶了。伊利奶粉，很香。主要看中里面的益生菌成分。能调理肠胃。以后小宝也给喝这个。点赞。从来不喝奶的我都能爱上。宝贝也会喜欢的哦，嘻嘻嘻。
4,"分开买的，就分开评论了，就是有点累，继续分享给大家
正品验证:没得说啦，肯定正品，旗舰店的嘛 
营养配方:除了基本配料外, 以中mu乳为参照标
准, 特别添加a+B黄金蛋白, 还有好多的维生素系
列，以及多重微量元素系列，很适合宝宝现阶段自己需要的
消化吸收:好消化，一次210ml ，现在7-8分钟就能吃完, 宝宝也好吸收，六个半月现在9kg 
清火功效:没有上火迹象，从生下来就一直在吃，这都第二阶段了，还会继续给宝宝吃
溶解性:速溶的倒在水里，转不了几圈就能溶解，很
省事
其他特色:大品牌值得信赖值得购买"
5,"正品验证：的确是真品
营养配方：感觉很好，配方很不错的感觉，
消化吸收：宝宝吃的没有不良反应，感觉很可以的。
清火功效：清火效果很好，宝宝吃了没有不良不反应，
溶解性：溶解性很好，放了一点水就融化进去了
其他特色：味道很好，饱饱很喜欢，两个宝宝都吃了都觉得很不错，希望优惠多一点。"
6,从出生喝珍护，不便秘肠胃好，添加opo，核苷酸，益生菌，我觉得很好的奶粉。折叠式奶粉勺也很方便
7,"正品验证：女儿一直吃这款奶粉，也用手机扫描了罐底二维码验证，能得到积分，说明是正品。信任京东平台。
消化吸收：女儿从断奶开始一直吃这款奶粉，一直吸收都很好，免疫力也很强。
溶解性：溶解效果不错，用50度的水冲泡，很快就溶解了，不浪费。"
8,宝宝一直喝的金领冠珍护有，现在喝的金领冠珍护幼儿配方奶粉3段，营养丰富脱脂奶粉，脱盐乳清粉，乳糖，全脂奶粉，含有维生素a维生素D维生素E维生素k维生素c维生素B1.维生素B6等，宝宝很喜欢这款奶粉，溶解性很好！相信京东！！！！
9,宝宝很爱喝这个牌子的奶粉，是正品，奶粉配方营养好，宝宝容易消化，不上火，溶解性非常好，我自己也尝了一下，奶味很浓，而且现在疫情期间，还是喝国产的放心，而且是大品牌，更值得信赖，二宝出生也打算喝这款奶粉。
10,"正品验证：一直都在京东官网购买，正品可以保证
营养配方：婴幼儿配方奶粉，可以长期喝的奶粉
消化吸收：宝以前喝的其他奶粉， 明显大便干燥。换了这个奶粉之后，大便很正常。吸收的也很好
清火功效：这款奶粉不是特别上火。孩子爱喝
溶解性：温水加入奶粉，很快就溶解。不起豆。"
1,"正品验证：是正品
营养配方：配方不错。
消化吸收：吸收很好，孩子很爱喝
清火功效：和清清宝一块喝的
其他特色：味道不错。
溶解性：很容易溶解"
2,"正品验证：奶粉正品，孩子一直喝这款伊利金领冠，非常好。?
营养配方：配方奶粉，非常适合中国宝宝体质！
消化吸收：易吸收，消化好，值得拥有！
清火功效：吃此奶粉孩子不上火，各方面表现完美。?
溶解性：冲奶粉非常方便，易溶解，不起疙瘩，表现完美。
其他特色：包装设计独特，易封闭保存。"
3,"溶解性：好溶解
消化吸收：很多人说奶粉胖孩子，但是珍护这款很好，一直再吃。没有发现宝宝很胖，吸收也不错。
正品验证：罐底扫码验证，每次都可以查询到。"
4,"正品验证：能够积分，能够追溯。
消化吸收：目前没问题
溶解性：还没开，目前按照配比没出现什么问题。
日期是12月13，产地内蒙古，疫情期间京东坚持送货非常棒，点赞。"
5,这款奶粉非常好吸收，对宝宝的肠胃消化很有改善。我宝宝以前和其它奶粉总是大便不规律，自从换了这款奶粉，每天都会拉一次。我们是从二段开始转这款的，宝宝现在1岁三个月啦！准备一直喝下去
6,我们买的伊利金领冠，奶粉品质一直是我最认可的，家里宝宝从出生到现在一直再喝，没有出现便秘现象，好产品就是不一样！非常好！值得推荐！一直比较喜欢在京东买东西，因为送货速度超级快！特别是当急用东西时，总能很快满足心愿！这次奶粉是家里马上就没了，老人说的晚，幸好有京东，在疫情期也不耽搁发货，还会再来的！真棒！?
7,宝宝经常喝这一款奶粉?，味道有点香，香甜甜的，比较清淡，挺好的，感觉价格合适，偶尔有些小赠品，小礼品之类，活动也挺多的，所以京东自营购买，方便快捷，日期又新鲜，健康有保障，服务一直很好，从未有包装破损的现象呢
8,"正品验证：京东商城货品有保证，放心买
营养配方：专注中国宝宝营养研究，配方很科学，宝宝不会缺营养，各种营养都很丰富
消化吸收：容易消化，宝宝大便好
清火功效：宝宝喝了不上火，不用喝水也没问题的，都是和母乳非常接近的
溶解性：轻轻摇几下就都开了，不会有颗粒，也不会出很多沫"
9,"正品验证：罐体上有二维码追溯码，扫一下二维码，就可以查证
营养配方：营养配方比较全面，有促进宝宝成长的，宝宝吸收的
消化吸收：宝宝不拉肚子，吸收很好
清火功效：清淡系列的不上火
溶解性：50度的水温，泡泡刚刚好啊！
其他特色：孩子一直吃伊利金领冠，1岁吃到四岁，现在还在吃，大公司，大品牌，支持国产，值得推荐"
10,"正品验证：是正品，宝宝爱吃
营养配方：配方好，营养均衡
消化吸收：吸收还行，是我宝宝脾胃问题，宝贝一天拉好几次
清火功效：不会上火呢，我很少给宝宝吃去火的东西呢
溶解性：很快就溶解了，不会起坨之类的，
大家有时候有券很难抢到，所以我都抢不到，不过比实体店优惠很多呢"
1,"正品验证：正品，京东购物，非常信任，值得拥有。
营养配方：营养配方均衡，各种宝宝需要的营养都够。
消化吸收：消化吸收非常好，不要担心宝宝的小胃胃。
清火功效：稍微有点火气，多喝水应该问题就不大了。
溶解性：溶解性相当好，七勺奶粉加到210毫升的水里，瞬间全融。"
2,小宝十五个月，断奶，怕不喝奶粉，没想到味道纯正，香香的，宝宝不排斥，适合的就是最好的，尤其是对于宝宝，喝了不上火，也很适应，吸收也是非常好的！
3,最近一直买这家的，我家二宝一直喝金领冠珍护产品，不上火，容易消化，大小便正常，溶解性好，和超市里买的一样的，是正品！包装完整，物流很快，相信国产的大品牌，营养很好不错，二宝比同龄宝宝都高，都重，身体好！一直信赖京东自营！
4,宝宝从两个月开始一直吃这个牌子的。相信京东，一直都是在京东自营上购买奶粉，现在已经吃了四五个月了。没有上火。也没什么眼屎。排便也很正常。溶解性也可以。奶瓶上不挂壁，现在宝宝精神好。很好动。这次是搞活动买的。还送了4罐小瓶装。非常实惠。还有小奶锅和画板哟！把小瓶装的吃了先。这画板也很好用，多谢了。
5,伊利金领冠比较好，喝着不上火，不容易便秘。我家是孩子三岁了，金领冠和金领冠珍护一起喝呢。一直京东自营买，很方便，这次买了2000元的奶粉！
6,"正品验证：已扫码，正品
营养配方：好
消化吸收：好吸收
清火功效：不上火，宝宝从出生就开始喝
溶解性：有待提高
其他特色：总体很好，支持国产"
7,京东快递送货  上门太迅速了，快递员直接给搬到家里来， 非常方便，伊利金领 冠奶粉是国产奶粉里面的佼佼者，宝宝喝着 很喜欢 ，奶粉融 化很快，比美素佳儿融化的好，一次买够 一个月的量，等 活动再多买点。
8,正品，大品牌值得拥有，放心购，我这个是第二次买了。奶粉里的opo很亲近母乳，膳食纤维对宝宝的肠道功能很强大，而且消化吸收的也很好。宝宝吃这个奶粉目前没有上火过，拉臭臭也是金黄色的。溶解性好，没有沉淀，不挂壁，会继续回购。包装很好，物流给力，棒棒哒
9,"物流挺快的，质量也很好，孩子挺爱喝的，非常的满意好评！
奶粉一直以&ldquo;不上火，不便秘，好消化&rdquo;的特点，在众多妈妈群中极具口碑。美素佳儿奶粉新升级的蛋白优化配方，不仅能有效减少蛋白分子聚合，呵护宝宝娇嫩的肠胃，而且易消化易吸收，宝宝不易上火，也不易便秘。味道也纯真，淡淡的奶香，不添加蔗糖，液态奶加工而成，保留更多的营养。口味清淡接近母乳，容易消化和吸收。一直买的奶粉，，宝宝特喜欢喝。大品牌值得信赖。很不错的奶粉，国产大品牌就是好，孩子喝着放心！
冲泡的时候不会挂壁结块，然后有淡淡的奶香，味甜，孩子真的爱喝，很快就空罐了！"
10,挑选了伊利的金领冠珍护，经常去超市看看价格，京东上看看价格，京东上做特价的时候价格真的很优惠，信任伊利，信任京东，现在买奶粉都是在京东买了，这款奶粉闻着挺香的，孩子也喜欢喝，进口奶源，国产配方，还是很不错的。
1,"宝宝出生前，经过多方面考察，决定喝伊利金领冠，相信国产大品牌，宝宝出生后一直喝金领冠，宝贝很喜欢喝，不上火没，口感不错，宝贝喝了身体健康强壮，没生过病，现在开始喝三段了，奶粉
经常搞活动，优惠很多，性价比很高，金领冠，值得信赖!"
2,"正品验证：正品，能扫码，能追溯
营养配方：配方科学，营养均衡，吃了大便吸收很好，没有奶瓣
消化吸收：吸收好，之前吃母乳四五天一次大便，这个喝了慢慢正常了，一天一次，肉眼可见的速度胖起来了，不错
清火功效：基本没有什么火，这点很看重
溶解性：溶解性比较好，倒奶瓶里不用怎么晃就溶解了"
3,"正品验证：是正品，可以追溯，也打电话和伊利官方核实过了，宝宝入口的东西，还是谨慎些比较好
营养配方：养 搭配很合理，还有opo结构脂
消化吸收：易消化易吸收
清火功效：不易上火
溶解性：溶解迅速，不挂壁
其他特色：物流非常给力，活动力度大，大牌让人放心，希望经常搞活动"
4,还没有开吃，先屯起，支持国产，现在国外疫情那么凶，不敢买进口奶粉，还是吃国产放心些。伊利大品牌值得信赖，货很新，今年3月份的。现在买很划算，还有赠品，一箱纯牛奶，一箱安慕希酸奶，还有一箱儿童完的积木。真心划算。
5,一直在京东买金领冠珍护一开始买的405克的刚开始不愿意喝慢慢用勺子喂渐渐喜欢上了，这次搞活动买最划算！味道清甜不上火不便秘容易消化富含各种维生素吃着放心，京东自营的送货适度过，非常方便，第二天就能送到，不用储备，支持京东正品，支持伊利。
6,之前给宝宝喝别的品牌奶粉，蛮贵的，突发奇想给宝宝换个口味试试，看看性价比怎样。转奶没有任何不适应，泡开后溶解性也非常好，宝宝也没有排斥。总体尝试下来感觉还是不错的，毕竟大品牌值得信赖。以后会考虑再买的，搭配着给宝宝喝。
7,"正品验证：商品是正品
营养配方：这个配方还是可以的，各种元素都有，喝了不上火
消化吸收：吸收很好，宝宝喝了将近四年了
清火功效：喝了不上火，宝宝不便秘，不腹泻
溶解性：溶解很好，泡下来没有颗粒
我家宝宝一直在喝金领冠珍护系列奶粉，宝宝很喜欢这个口味。而且京东物流也很快。"
8,"拿到就拆开了，母乳喝这个开始不太接受，现在每天都喝，接受性比较好。
消化吸收：比较好，大便正常。
溶解性：在奶瓶里摇摇就溶解了，溶解性也很好。
营养配方：配方含量比较多，满足生长需求。
清火功效：喝这款没上火，开始是在超市买的小桶的，适应了就买大桶，喝着比较好。"
9,"正品验证：京东自营店自然放心，而且伊利自己的可追溯二维码查询更得到肯定是真品正品的保证。
消化吸收：孩子吸收很好。
清火功效：没有上火，吃习惯了了的。
溶解性：溶解性很好啊。
营养配方：营养性应该不错，宝宝七个月了，脸蛋圆嘟嘟的，爱笑，好动，至少奶粉一直吃，没换过。"
10,两个孩子从小喝，少说也已经喝了百八十罐了。好东西，孩子喜欢喝，父母才会喜欢买。口粮放心，真的是特别踏实。京东也非常方便，原来送到家门口，现在在小区门口坐等，不会担心孩子断粮。吃得健康安全，孩子才能茁壮成长呀！表白伊利金领冠，表白京东商城！
1,"正品验证：已经在京东买了几次伊利金领冠系列奶粉了，是正品无疑。
营养配方：珍护系列奶粉的配方很不错，很合理，含有益生菌，OPO等，保护孩子的肠胃，增强体质，孩子喝了这款奶粉之后较少生病了。
清火功效：宝喝四段的， 二宝喝三段的，一点也不上火。
溶解性：易溶解，不粘勺子不挂壁。
其他特色：勺子设计比较合理。活动期间买的，送了很多东西，超划算。"
2,"正品验证：已经是第二次购买了，确定是正品！
营养配方：配方很丰富，也很全面，很适合婴幼儿喝！
消化吸收：宝宝肠胃消化吸收也很好！
清火功效：小孩吃了也没上火，挺好的！
溶解性：溶解也很快，温开水一倒进去就开了！"
3,"正品验证：挺好的，儿子一直吃这个奶粉，希望营养跟得上
溶解性：溶解性特别好
清火功效：儿子一直吃这个不上火
消化吸收：消化吸收特别好。
营养配方：配方特棒，很适合我家宝宝"
4,"正品验证：证 是正品，一直相信京东品牌！！！
营养配方：大品牌，小孩很喜欢喝，应该很合口味
消化吸收：吸收很好，挺不错的，
清火功效：没发现上火什么的！！！
溶解性：溶解性可以，没有结疙瘩状况，冲好放那一段也没发现沉淀状况
其他特色：很不错的奶粉，喝很长时间了，挺不错的！"
5,由于疫情期间不方便出门，所以就网上囤了好几桶奶粉，给宝宝备用，金领冠珍护我们家宝宝也一直在喝，消化吸收比较好，所以也就没换过其他品牌的奶粉，在溶解性方面确实做的不错，几乎可以用速溶来形容，主要是不挂壁，物流速度很快
6,正品，罐体底部有二维码可以追溯查询是否正品，同时扫二维码也可以积累积分，给宝宝兑换玩具或者玩具！里面包含的营养非常丰富，满足宝宝所有需要，珍护系列宝宝喝了吸收好，不上火！它的溶解性很快，从不存在挂壁现象！
7,肯定是正品，我们这从出生就开始喝这个奶粉了，只有在两个月的时候便秘过一次，我们一直在网上买的，现在孩子九个月了，长得个挺大的，也挺胖，很好易消化，不怎么上火，不用稀释，溶解性也很好，搅拌一下需要，但是一罐喝到最后两天，开口时间长了，就不是特别好溶解了
8,"此款商品已多次购买，使用效果良好
，很喜欢。有需要的朋友们不用顾虑
，可以下单。而且，京东的物流真棒
，头天下单，次日必达。快递员态度
也好，服务热情。有过几次经验，京
东售后也很棒，购物没有后顾之忧。
棒棒哒。。。"
9,"溶解性：优良，之前在线下婴儿店买的老是喝完还有结块，溶解不全，不是到是不是假的，还是这里买的放心，冲完完全溶解。
消化吸收：喝了这么久没有拉肚子。绝对值得购买，小朋友已经19个月了，长得很壮。很结实，便便正常。
正品验证：绝对正品值得信赖。"
10,"营养配方：国产的适合中国宝宝，仿母乳配方，添加牛磺酸，含核苷酸，给宝宝提供成长需要的营养
清火功效：宝宝喝了不上火
消化吸收：宝宝喝了一直很好，不便秘
溶解性：溶解性很好，调好水温，加上奶粉，轻轻晃一下
正品验证：支持正品验证，可以扫码积分
其他特色：太平洋保险承保，安全放心"
1,不愧是京东物流！昨天下单今天就到了！生产日期很新2018-7-8保质期两年！宝宝从断奶一直喝伊利金领冠奶粉粉末细腻不结块！粉末瞬间溶解不挂壁！宝宝爱喝！是除母乳之外的最佳选择！ 我家宝宝是150毫升水5勺奶粉！早上一次，中午睡前一次，睡醒大概下午三四点一次，晚上睡前一次！其他是三餐！仅供参考！！
2,以前宝宝喝爱他美，但是要去香港买太麻烦了，在老公的力荐下尝试了伊利金领冠珍护，宝宝各方面都很不错，留开始一直吃这款了。宝宝很少生病，抵抗力好就行，不长肉都没什么问题。可能我家孩子就是消瘦款的吧，他爱喝就行。
3,宝宝从一段就开始吃这款珍护，现在八个多月了，也一直在吃，粉质细腻，消化吸收很好，一直都在回购，宝宝也很爱吃，长得也很好。 正品验证可追溯，底部还有积分码，可自动积分，春节给宝宝囤的口粮，马上要吃完了，准备在继续囤?
4,一直在京东给娃娃买奶粉，这次是搞活动买的，大罐小罐都有了，出门带也比较方便，比较实惠，孩子也比较爱吃，口感非常好，送货也很及时，这款奶粉方便消化，我家孩子一直在吃，消化吸收好，营养配方，正品验证，比超市划算
5,"正品验证：是正品，可以扫码确认。
营养配方：除了蛋白质等基本营养外，还有OPO，DHA，牛磺酸，维生素等营养元素，奶源好，来自新西兰。
消化吸收：宝宝喝了之后吸收好，大便很正常。
清火功效：宝宝一直在喝，没有上火的情况。
溶解性：很好溶解，摇晃几下就完全溶解了。
其他特色：口感好，不甜，会一直购买伊利金领冠的。"
6,"正品验证：一直在京东上买，没问题，价格实惠，活动力度也大。
营养配方：配方适合中国孩子，比洋奶粉好很多。
消化吸收：吸收的很好，不上火，孩子爱喝，味道也比较清单，对孩子的肠胃很好。"
7,伊利金领冠珍护里含有&alpha;+&beta;创**白和OPO结构脂，不上火，营养好吸收；还添加了BID复合益生菌和膳食纤维，宝宝不容易便秘。反正我家孩子一直吃这个奶粉，从来没有便秘过，也很少生病，身高和体重一直处在生长曲线正常范围的中上等，特别标准。
8,"正品验证：正品保证
消化吸收：很好
营养配方：营养配方丰富
从8个月开始就喝金领冠珍护系列，一直到1周半了，每天必须得喝3顿，不喝就不睡觉，到个子明显比同龄孩子要高，营养补充也很均衡。"
9,这款奶粉真的很不错，非常容易溶解，在奶瓶里晃几下就冲开了。孩子从出生一直在吃这一款，消化吸收的也特别好，没有发现消化不良的情况。奶香味很浓，甜度适中。还可以扫描罐底二维码进行积分，希望多搞些促销活动，优惠力度再大一点。
10,"溶解性：溶解性很好 ，不结块 ，冲浓一点也没问题，浓一点味道更好。
正品验证：相信京东旗舰的品质 ，买了很多罐了 。
其他特色：味道宝宝比较喜欢喝 ；有小勺 量比较好控制，促销活动也不错。
消化吸收：没有不消化的问题出现"
1,"正品验证：正品保证，有专属防伪码，可查验。
营养配方：金领冠珍护系列奶粉是来源于新西兰原料全脂奶粉，富含核苷酸，棕榈酸甘油三酯，等宝宝需要的营养成分。
消化吸收：宝宝易吸收
溶解性：冲泡不起小疙瘩，溶解性非常好。
其他特色：味道挺好，宝宝喜欢喝，这次搞活动加上大罐小罐总共买了6盒。好评，大品牌，值得信赖！"
2,"正品验证：京东自营店的奶粉，必须放心，不敢在其他店买，这里就没换过
营养配方：配方全面，适合适龄孩子，配方奶粉都作用还是不可替代的
消化吸收：吸收很好呀，娃儿白白胖胖的，饭吃的好，奶也喝的好，消化也不错
清火功效：不上火，很清淡，没有便秘情况
溶解性：用筷子轻轻搅拌一下更好
其他特色：娃儿爱喝就是最大的特色"
3,"正品验证：能积分，正品无误
消化吸收：每天一次便便，很顺畅，肠道健康
清火功效：未有过上火情况
溶解性：水快速溶解，不曾结块
营养配方：营养全面。宝宝活泼可爱
其他特色：甜度适当，不会很腻，奶粉细腻，每次饿了，宝宝都会争着要吃奶粉，胃口也好很多，每天吃米饭喝粥都很有胃口，很不错的产品，已经吃了两年多了，希望断奶粉的时候能够不争不闹。"
4,"嗯，趁着六一搞活动，给儿子冲了两瓶，那个两罐这个金领冠，儿子一直喝的这个
价格还是蛮实惠的，就是搞活动，另外两瓶还送了一个小书包，还挺可爱的，儿子也很喜欢，嗯，儿子喝奶粉也很喜欢，可能是习惯了，这个味道，比其他的奶粉更爱喝一些"
5,宝贝二段换位珍护，打开后有股淡淡的奶香，看中这款是因为添加益生菌，对宝宝肠道好，而且添加很很多利于孩子成长发育的营养物质，最主要的中国制造适合中国宝宝，虽然有人觉得国外奶粉好，这就仁者见仁，智者见智了，总之孩子吃着不错
6,一直从一段吃到现在四段了，很好，现在三岁半了从来没有便秘，也没有上火，宝宝的最爱，打算给她一直吃直到她不想吃为止
7,包装完整，生产日期挺新的，开盖方便，搭配量勺，按说明书用量冲泡，容易冲，不粘块，奶香浓郁，小北鼻喜欢喝，大便正常草绿色，目前状态都很好。希望多做活动。
8,"正品验证：扫码验证是正品。
营养配方：营养丰富，配方合理。
消化吸收：消化吸收挺好的。
清火功效：奶粉多少会有一点上火，总体来说还可以。
溶解性：生产日期是最近的，奶粉比较干燥，溶解性也挺好的。
其他特色：分量很足，和实体店比起来性价比高多了。包装也比较好，吃着很放心！"
9,"正品验证：一直从京东买奶粉，正品保障，价格比实体店便宜不少，还经常有活动
消化吸收：很好消化，从出生就吃金领冠奶粉，消化吸收都挺好的，一直吃到现在两周岁，从未考虑换品牌，不上火，好消化，很适合中国宝宝的体质，我觉得奶粉，适合的就是最好的。"
10,"溶解性：较易溶解，只要有认真摇匀就不会有未溶解的
正品验证：罐子底部的积分均可正常兑换，是正品没错了
营养配方：营养全面，增强免疫力，体重正常，肤色很好
消化吸收：吸收较好，不会拉肚子，宝宝体验各方面都较好
清火功效：大宝喝金领冠珍护的奶粉三年了，无上火便秘的现象"
1,"营养配方：自从宝宝吃了金领冠珍护婴儿配方奶粉(0一6月龄，1段)宝宝喜欢吃，很适应又营养，一个月胖了3斤
消化吸收：宝宝吃了消化吸收好
溶解性：溶解性很好，见水就化"
2,"正品验证：官方正品，绝对保障，可扫码积分。
营养配方：配方齐全，包含了各种维生素和矿物质，满足孩子对各微量元素的需求。
消化吸收：宝宝易消化，易吸收。
清火功效：宝宝吃奶粉后，无上火现象。
溶解性：溶解性很好，易溶于水，仅有少量结块的现象。
其他特色：京东品质值得信赖，物流给力。"
3,从孩子出生就准备的伊利金领冠珍护，孩子喝着没有不良反应，从出生到现在已经喝完两罐了，又给备了两罐货，下单后很快就送到了，不用自己再出去买，特别方便快捷，奶粉的味道有淡淡的香味，粉质细腻，奶粉加入水中是浮在上面的，所以是正品，伊利是个多年的老品牌了，个人觉得值得信赖，所以一直在回购，喝着也的确不错，很满意！
4,之前买了2罐，乘着活动，果断下单。又来一罐。不敢去店里买，小孩吃的，一定质量要到位。所以只信任京东，质量可靠，奶粉也是很好，营养均衡，容易消化吸收，不容易上火。而且溶解性很好，很容易化了。感谢京东和商家
5,已经在官网上验证过了，可以积分上去。营养成分丰富，女儿9个多月，几乎很少有什么不舒服的，营养丰富又易消化吸收。不过好像会有点上火症状，会给她喝点小儿七星茶，溶解性也好，轻轻一摇，马上就分解开了，不挂壁。
6,"正品验证：一直信赖京东  相信正品
营养配方：伊利配方奶粉&alpha;＋&beta;智赋益百分  更适合中国宝宝体质
消化吸收：宝贝吃了吸收好  体格壮
清火功效：宝贝一直吃金领冠  爱吃不上火
溶解性：奶粉颗粒细腻  冲泡好溶解
其他特色：之前试过其它奶粉  总有很浓的香精味  金领冠奶粉是淡淡的奶香味儿  宝宝很喜欢  妈妈也放心"
7,"正品验证：这个验证了，是正品，京东买东西还是比较放心的！
营养配方：看了一下，非常丰富，希望小宝宝能够喜欢，对味道还是可以接受的，不过因为一直没吃奶粉，还不积极！
消化吸收：吃了这个，拉粑粑好多了，没有那么便秘了
清火功效：不上火
溶解性：容易溶解，入水摇一下就可以了
其他特色：活动便宜点"
8,伊利金领冠珍护大品牌，是官方正品，值得信赖，里边营养配方好，宝宝吃着吸收好，里边还含有益生菌，消化也好，味道还不太甜，溶解性也好，宝宝非常愿意吃，宝宝从出生到现在一直都吃伊利金领冠珍护，非常值得推荐。
9,"奶粉很好，粉质细腻，宝宝爱喝，
正品验证：是正品
消化吸收：消化好，好吸收
溶解性：遇水就融化了，没有结块"
10,哈哈，我们家宝宝的口粮，一直在喝，选来选去，还是决定买国产，看了很多资料，国产奶粉要求比国外的更严格，很好，母乳不够，奶粉来凑。珍护的价格能在优惠些么？
1,"正品验证：验证过是正品，且物流没得说
营养配方：营养很全面，宝宝很爱喝
消化吸收：不拉肚子不上火，吸收非常好
清火功效：不上火，不拉干便便，不热气"
2,确认是正品，一直在京东上买奶粉，比在实体店买的便宜不少，小孩很爱喝，没有什么不良反应。吸收很好，快递也非常给力，第二天几天KKK脱口图WWI欧诺X5预谋晕头哦座无虚席偷偷吖！，地址：__省__市__区__路__小区__号楼__单元__室
3,"正品验证：是正品
清火功效：宝吃后不上火不便秘，棒棒哒 
溶解性：很好溶解，遇水即溶，好评
营养配方：营养很全面，配方合理，该有的营养成分都有，价格还可以，当然要是便宜点就更好了，嘻嘻
其他特色：包装很好，口感不错，宝宝说她最爱喝了，就是不知道糖分会不会超标，但愿不会
消化吸收：易吸收"
4,"正品验证：绝对正品，宝宝喝完，我们会积分，而且积分还可以换很多东西。
消化吸收：吸收好，儿子比同龄的要大不少，像个大孩子似的，身体很好，基本上没得过病。很赞！
清火功效：清火功效：宝宝喝完不上火！
溶解性：能够很快溶解，奶瓶壁上不会凝固，比有些牌子要好点。"
5,伊利金领冠珍护系列的奶粉，奶源安心也非常的不错哦，然后就是口味适合，营养成分也非常的好，产地追溯很好，京东活动价格非常的实在，性价比非常高，小哥服务态度非常高，派送到货速度非常的快，所以我跟推荐哦！！不错哦
6,"正品验证：罐底有积分码
营养配方：臻护系列感觉就比普通装的要好些，含有益生菌，小家伙长期吃这个。
消化吸收：每天早晚都在喝感觉多好的，从来没有出现过不消化的情况
清火功效：还行吧，暂时没有发现上火
溶解性：很好。不要弄冷水冲调就没问题。
其他特色：伊利老品牌了，老大老二都喝这个牌子。"
7,"正品验证：大品牌，官方正品，孩子喝着放心，值得信赖。
其他特色：配方独特营养，还是专利产品，重要的是口味清淡，宝宝爱喝。
消化吸收：金领冠奶粉是新西兰奶源，放心，含有益生元，易消化，好吸收。
溶解性：冲调的时候没有结块儿，很容易化开，宝宝喜欢。总之非常满意，值得推荐！"
8,这款奶粉溶解性很好，蛋白质含量也比我以前买的同段别的牌子高，溶解性好，且吃了不上火。小孩子吃了生长情况良好，体质健壮，很满意，会继续支持伊利，支持这款奶粉，尤其现阶段，更是幸运自己是名中国公民，会尽全力支持国产。
9,"正品验证：罐低码可以正常扫码积分，正品无误。
营养配方：OPO配方，宝宝吃起来一直吸收很好，没有不良反应。
消化吸收：宝宝吃这款奶粉，一直吸收很好。身体也越来越好。
溶解性：水溶解性很好，没有打结挂壁的现象。
清火功效：没有上火的现象发生，很好的一款奶粉。"
10,两个女儿和儿子都在喝金领冠奶粉，挺好，觉得喝了之后，比以前长得快点，而且排便也很好，儿子一天喝3顿，2岁600毫升左右，女儿们就喝2顿，4岁了，喝了几个月，挺满意的，希望多搞活动，我3个孩子在喝，也介绍朋友买了2罐，她的孩子很喜欢喝，总的来说，比以前喝澳洲那边的奶粉好，都是本土的奶粉适合中国宝宝
1,"正品验证：桶底有追溯码，正品验证，安全可靠。京东物流强大，送货快，服务好。伊利国产大品牌值得信赖。
消化吸收：宝宝自19个月开始一直喝珍护，转奶很顺利，没有出现小肚子不适，奶香清淡，味道不错。
营养配方：特有益生菌，DHA，科学关键配方。"
2,奶粉溶解性很好，放在温水里，在奶瓶里揺几下就完全溶解了。味道也不错，不是很甜，奶香味很浓。相信国产，相信京东自营。赶上活动买的还赠了很多孩子的玩具，以后都能用的上。希望经常搞些活动，价格再优惠一点就完美了。
3,"正品验证：是正品，价格比店铺实惠。伊利品牌，值得信赖。
营养配方：营养丰富全面，专为国人体质研发的配方，更适合国人营养需求。
溶解性：非常容易溶解，不易结块，冲泡奶粉非常容易，宝宝爱喝。
消化吸收：易消化，宝宝喝完没有不舒服的表现。
其他特色：包装很好，密封性优良，盖子开关容易耐用，罐子用料好。"
4,宝贝3岁半了，一直在打算给他买4段的，市场上4段的很少，选了很久，决定试一下金领冠珍护，感觉很香，奶粉也很细腻，看看吃的好不好，如果可以，以后就打算一直吃下去。京东的物流实在太快了，晚上10点下单，上午9点就到了，值得信赖。
5,"正品验证：底部二维码扫描积分，查询真伪
营养配方：原料全脂奶粉，来源于新西兰，含DHA，牛磺酸，促进宝宝大脑发育，仿母乳配方
溶解性：加入温水中轻轻晃动，溶解后没有结块
消化吸收：宝宝喝得一直很好，没有便秘情况
其他特色：买的神奇宝贝包装，皮卡丘很可爱，宝宝可以给皮卡丘涂颜色"
6,"溶解性：没有什么泡也没有不溶的，但是宝宝每次都不喝，然后就给姐姐喝了。
消化吸收：吸收蛮好的，拉粑粑特别好"
7,孩子六岁了，经常上火，扁桃体发炎，感觉缺少营养了，奶粉又怕上火，看了一下这款有益生菌助消化，买了试试，孩子很喜欢喝，真的很不错，不上火，晚上喝完又玩了一会，就消化了！
8,"宝宝吃过很多奶粉,有爱他美，a2,美赞臣的蓝臻,君乐宝,以及伊利的金领冠珍护.这宝宝三岁以来就开始吃金领冠珍护奶粉，非常完美的过渡了，没有什么任何不良反应，没有上火便秘的情况，感觉吸收非常好，宝宝三岁以后，身体的长高速度较以前好像高了一些，希望是我的心理作用吧,啊哈哈哈！"
9,"正品验证：正品无疑，包装罐确实专利设计和日期也很新
营养配方：营养丰富，维生素微量元素齐全
宝宝很喜欢，其它方面暂时表现不出来，用一段再来反馈
溶解性：很好，没有挂壁，温水直接溶解，方便快捷
以前的奶粉宝宝不吃，这次试试珍护，希望宝宝能坚持喝下去。"
10,非常好的一款奶粉，我家孩子从出去之后就一直再喝这个奶粉，非常的好，从刚开始出去喝一段的，现在孩子快7个多月了，孩子排便大便一直都非常正常，一回也没拉过西，这一点就说你明这个奶粉，非常适合中国宝宝的体质，适合宝宝成长的好奶粉，奶粉漆完了也特别好，没有颗粒，不挂壁，非常满意，一直在京东购买这个奶粉，京东自营官方旗舰店也经常搞活动，送各种婴儿需要用的东西，也总打折，给个赞??，比实体店便宜不少呢。
1,包装好，密封完整，配方好，除了基本营养外还包含OPo. d ha，等额外添加，奶源好来自新西兰口感也不错，一直是在京东上购买伊利金领冠珍护系列的奶粉，买的奶粉都可以用积分兑换商品，每一款都可以追溯奶源，宝宝从出生就喝这款奶粉，非常喜欢喝，喝了不上火大便正常，宝宝长得白白胖胖的，非常聪明！
2,买了十几罐，一口气，小孩子刚好戒奶，直接给他喝金领冠珍护，以为崽不爱吃，没想到喜欢的不得了，哈哈！成功戒奶了
3,"正品验证：每次买回来都必须经过正品验证，娃儿的东西不能开玩笑。验证很方便，扫描二维码就可以了。信息一目了然。
营养配方：营养配方很丰富，基本涵盖了所有，国产大品牌，进口奶源。吃着放心。
消化吸收：消化吸收好，孩子愿意喝，每天必须喝，少生病。
清火功效：没感觉上火现象
溶解性：五秒之类溶解
其他特色：从一段吃到四段了，很不错。"
4,这个牌子奶粉不错，宝宝很喜欢喝，趁着搞活动，一次多买点，每次收到都特意有查防伪码，都是正品，很放心。打开罐奶味很香，宝宝3周岁了，喝四段刚刚好，价格比超市商城买都实惠，包装的很仔细，没有损坏什么的，下次喝完搞活动会再来
5,宝贝收到，验证过是正品，相信京东自营的产品，营养配方适合中国宝宝的需要，并且容易消化吸收，我家孩子从来没有出现过消化不良的情况，并且宝宝喝了也从来没有出现过上火的情况，很适合我家宝宝喝，在冲奶粉的时候没有结块的现象，很容易溶解，商家的服务态度很好，快递也很给力！！
6,老顾客了，从3段买到4段，一直喝伊利奶粉，价格实惠，质量好，易吸收易消化，不上火，非常好，强烈推荐购买。老顾客了，从3段买到4段，一直喝伊利奶粉，价格实惠，质量好，易吸收易消化，不上火，非常好，强烈推荐购买。
7,给孩子买的，一直都是在京东给孩子买粮，这款奶粉孩子喝了非常好，而且还是最新鲜的日期，密封包装，大品牌值得信赖，京东的工作做的越来越细致，京东小哥全程戴口罩工作，给大家的是信任，昨天下单今天就到了，感谢京东为生活带来的便利，祝疫情早日过去，祖国加油，武汉加油，京东小哥辛苦了
8,我家宝宝吃这款奶粉吸收的很好 没有出现上火的情况 也没有出现厌奶的情况 也没有出现拉肚子的情况 每天拉一次粑粑  之前出生时瘦瘦的 现在长的胖嘟嘟的 很可爱  这款奶粉宝宝很喜欢吃 味道很清淡 容易吸收 营养也很全面  又是大牌子 吃的放心
9,是正品吧！宝宝别的奶粉都不吃，换了几种，就吃这个，没有拉肚子也没有便秘，反而每天都会拉粑粑，很好，不喜欢外国产品，就喜欢国产的，更适合宝宝，更放心
10,"营养配方：一直都是喝伊利金领冠的3段，感觉挺好的。
消化吸收：易吸收，好消化，不上火，宝贝爱喝。
清火功效：不上火
溶解性：温开水40度左右，摇一摇就溶解得很好，喝完后奶瓶里面没有没有块状奶粉。溶解性非常好。
其他特色：包装精美，每罐奶粉都配有勺子，方便好用。
正品验证：应该是正品吧，在这买了好多次了。"
1,从一段喝到了三段 一直金领冠 当时选的时候就抱着大品牌来的 事实证明选择没有错 宝宝喝了不上火 不拉肚子 味道淡淡的 不腥 宝宝喝的很好 溶解性没的说 轻轻搅搅就溶解了 不沾杯  积分没问题 正品有保障
2,"正品验证：和我在超市购买的一样，是正品；
营养配方：宝宝喝了还不错，长的很壮实；
消化吸收：很好消化，不容易胀气；
溶解性：很好溶解，比较接近母乳；
其他特色：比超市的活动价格还实惠，值得在活动时候多屯一些，反正宝宝吃的多
清火功效：温白开水基本不喂，感觉不容易上火。"
3,提前给宝宝囤的，以前喝的启赋总是拉绿色臭臭，都说伊利有益生菌消化也很好，特意活动囤了几盒，价格很美丽，最主要的是觉得没有香精什么的，对孩子来说长期喝还是比较安全的。2段3段也会一直继续回购的，希望活动多多！
4,闻着像小时候吃的南山奶粉，味道很纯正，包装严实，很容易融化，第一次买，先吃了试试看，希望能有好的效果，肯定支持国货，原来喝的进口奶粉也没发现好到哪里去，希望这次选择正确，性价比很高，以后还会多多支持民族品牌的
5,"正品验证：应该是正品，一直购买这个牌子的奶粉，孩子隔喝着也不错！
营养配方：配方安全，营养全面！
消化吸收：大部分情况下消化吸收还不错，有时候有奶瓣！
溶解性：比上次买的好很多，基本都可以溶解！
其他特色：很喜欢这个罐子的设计和勺子的设计，用着很方便，一如既往的好评！"
6,"正品验证：京东自营必须可靠，其他网店不敢买的
营养配方：配方全面，孩子需要喝奶粉的时候一定要好好喝奶，提高免疫力
消化吸收：吸收很好，睡觉明显变好了，也开始长个了
清火功效：不上火，很清淡，便便很好
溶解性：用筷子搅拌一下更好，避免摇晃不均匀
其他特色：孩子接受就是最大的特色"
7,"宝贝已经收到了两天了，我女儿从小喝到大的奶粉。
正品验证：已从官网上积分成功。
消化吸收：女儿喝了没什么不适，白白胖胖的很可爱。
清火功效：偶尔会上火，她不爱喝水。
溶解性：轻轻摇一下就溶解了，不会成结。
总体来说这款奶粉价格不贵，营养丰富。会一直回购的。"
8,孩子一直喝的金领冠珍护，奶粉味道贴别纯正，一股浓浓的奶香味。配方特别好，营养成分均衡，能够补充孩子成长过程中所需要的各种营养成分！活动时候购买的，即经济又实惠，每次都多买一些备用。京东品质，值得信赖！金领冠珍护，值得拥有！
9,一直喝的伊利的爆款珍护，营养好吸收。宝宝不便秘不上火。长得特别健康。消化易吸收，溶解性也特别好。含有丰富益生元和益生菌。买了很多次了。囤了很多货。宝宝加油吃。店铺活动价格合适有很多赠品。推荐给各位妈妈。
10,我家宝贝从42天开始吃金领冠，现在140天了！刚开始吃每天大便6，7次，吃了有一个月的时候，就每天一次大便，从生5.8斤到现在16斤，非常健康，我已经把货备足了！够吃到6月，现在准备备2段的了！中国人自己的品牌，给孩子选口粮，最重要的是安全，放心！
1,"营养配方：营养配方很适合中国宝宝，保证宝宝从奶粉中获得了充足的营养。
消化吸收：消化吸收好，通过宝宝的粪便明显观察得到没有奶瓣，都是健康金黄的便便，说明宝宝吸收状态非常不错。
清火功效：喝了这个奶粉明显没有上火，便秘的情况，也少有眼屎分泌。
溶解性：基本都溶解，很少有兑好奶还有奶块的情况。"
2,非常好的一款奶粉，出生到现在快一岁半了，一直吃这款奶粉，好吸收，不上火，含有a+B，智赋，益百分，对婴儿各方面都发育的很好，官方旗舰店，是正品，跟大超市一样的，京东自营值得信赖，发货速度快，都是次日达，不用担心断粮。
3,"正品验证：可以在俱乐部积分，一罐900克好像可以积分230左右。
营养配方：opo，核苷酸，a+b
消化吸收：很好吸收，身高体重去体检也标准
清火功效：宝之前会便秘，吃了之后 不会上火不会便秘
溶解性：很好溶解，我一般都是用45度左右的水冲
其他特色：宝宝一直吃珍护，现在已经吃到二段了"
4,"伊利金领冠 宝宝一直都是喝这款 喜欢喝：
正品验证：能积分 跟超市卖的一样样，
营养配方：添加了益生菌 营养又美味，
消化吸收：好消化 天天早晚泡来喝，
清火功效：按量泡起来不上火，味道不错闻起来奶香十足，
溶解性：很好溶解，放水里挺快融化，
其他特色：礼盒装挺漂亮哈"
5,"正品验证：京东自营都是正品，自己也验证了下，是正品。品牌值得信赖，很喜欢谢娜的代言广告。
溶解性：溶解性很好?
其他特色：孩子很喜欢喝。从一出生就开始喝了，喝了很久了
营养配方：挺有营养的，孩子养的很胖，八个月21斤多
消化吸收：我家宝宝吸收的很好
清火功效：好喝不上火。"
6,"正品验证：伊利奶粉，从宝宝出生到现在两岁多，一直都是喝的伊利珍护系列产品，质量非常满意，可以追溯真伪，值得信赖！
营养配方：营养丰富，配方合理，满足中国婴儿成长营养需求！
消化吸收：不上火，每天都坚持正常排便
清火功效：口味纯正，不上火，宝宝喜欢！
溶解性：溶解度很好，摇摇就溶解了！"
7,"正品验证：不会验，一直在京东买东西，相信京东，购物一直很愉快！
营养配方：不太懂，但孩子化验，除了有点儿缺钙，没啥问题！
消化吸收：感觉比之前的奶粉吸收的好！国产的更适合我们国内的宝宝，比之前的更适合！
清火功效：喝奶粉都会有火，到这款还好！
溶解性：很容易溶解！"
8,"正品验证：正品无疑，京东自营也是送货到家，带宝宝不方便拿快递，这个也是很方便的了
营养配方：脱脂奶粉占主要，一点全脂奶粉，涵盖的维生素也是很全面
消化吸收：宝宝从一段吃到三段没有出现便秘症状，整体吸收还算良好
溶解性：溶解性很强，180ml配6平勺不黏稠也不稀，刚好合适
整体来说算是国产奶粉中比较好，性价比很高的一款了"
9,"国产奶粉就选这个 个人感觉比进口的好很多 奶香纯正自然
而且勺子的设计非常用心 可以打开延长
溶解性：非常快 稍微摇两下就溶解了"
10,"正品验证：官方正品，放心的给孩子喂养。
营养配方：营养比较均衡，一直给孩子吃这款，孩子发育指标都很好。
消化吸收：消化比较好，没有出现过消化不良胃口不佳的情况。
清火功效：屁屁不上火
溶解性：一勺兑30毫升，比较易溶于水，总体来说溶解性很好。
其他特色：价格实惠，比实体店划算的多。"
1,昨晚九点多拍的，忘记了双十一有些活动更优惠。但是各种优惠券基本上都用上了，价格非常给力。自营活动产品放心。今天下午就到了。给力的很。今天一看，每桶的价格比昨天还优惠了几元钱。哈哈。以后一定要在活动当天去拍，才能优惠力度最大化呀。
2,"正品验证：京东自营购买的，很放心。
营养配方：营养还算很全面，等宝宝吃了看看效果。
消化吸收：消化还可以，吸收的话目前还看不出来，等吃一段时间再看看。
清火功效：目前没有发现上火，希望一直不要上火最好了。
溶解性：溶解还不错，基本都能化开来。
其他特色：京东物流很给力，基本当天下单第二天就到货的。"
3,"正品验证：和在实体店买的一模一样的，味道吃起来也是一样的。
消化吸收：小孩非常喜欢喝，喝了大便也非常正常，很容易消化吸收。
清火功效：之前也一直吃的这个牌子的，国内老品牌值得信赖，小孩吃了不上火
溶解性：入水就化了，轻轻摇几下就可以了，味道也不错，小孩很喜欢"
4,"正品验证：已经多次在京东上购买金领冠奶粉了，是正品，和在超市买的一样。罐底有追溯码验证是正品。
营养配方：这款奶粉营养成分丰富，富含DHA，核苷酸、&alpha;+&beta;、含1,3－二油酸_2_棕榈酸甘油三酯，宝宝5个月了一直喝这款奶粉，成长的非常好。
消化吸收：好消化吸收，宝宝很爱喝。
清火功效：宝宝喝不爱上火
溶解性：很好溶解，等奶粉溶解后再晃动奶瓶，更利于吸收。"
5,一直在京东上买珍护系列奶粉，活动时候最划算！味道清淡，有点甜，不上火，不便秘，容易消化，吃着放心！！现在换3段了，接着吃，京东自营的送货速度快，非常方便，第二天就能到达，不用储备，支持京东，支持伊利！！！！
6,正品验证，京东自营很好。积分兑110，感觉有点少。一直用这个牌子，孩子消化好，易溶解。营养配方很适合适龄儿童使用。京东快递一直那么给力。
7,从孩子一出生就是买这款奶粉，金领冠珍护是主打品牌，伊利国产大品牌，一点不比外国奶粉差，相反我觉得国产奶粉更好，更适合宝宝体质，奶香浓郁，营养丰富，消化吸收好，不上火。溶解性也很好，轻轻一晃就能轻松溶解，在京东经常有活动，物美价廉，简直是太棒了。
8,"消化吸收：宝宝一直用的这个配方奶粉。一到三转都一直用这个。喝完不拉肚子。
溶解性：溶解性非常好。用温水一冲。泡沫很少。"
9,"正品验证：是正品，扫了二维码，领了积分，而且是在京东自营店买的，应该是正品。
营养配方：营养配方均衡，宝宝健康，很好，会一直买。
消化吸收：很好消化很好吸收，身边的人也很多了在喝伊利金领冠
清火功效：吃了不上火。
溶解性：溶解性好，都不需要用调羹搅拌
其他特色：快递很快"
10,快递好快哟，晚上买第二天就到了，每次都查看了是正品，宝宝试了好几款奶粉，对这个奶粉最好，不上火，也爱喝，拉大便也好每天一次，长得也很好，很省心，宝宝都快一岁半了，下次要换3段喏，
1,消化吸收：我家宝宝一直在喝的一款奶粉，吸收挺好的，也不上火，这次主要是有618的活动，活动力度非常大，我们一下子买了好多，比平时便宜好多，并且还额外赠送了好多性价比高的礼物，孩子也很喜欢，大力支持京东，以后还会回购的，谢谢
2,"正品验证：是正品，没得怀疑，京东值得信任的，
营养配方：这个不怎么懂得，但是宝宝从小就是喝的这个牌子的奶粉，挺好的，
消化吸收：好吸收，宝宝喝着也不便秘，容易消化
清火功效：宝宝喝着没有上火，挺好的
溶解性：挺容易溶解，也没有泡泡，
其他特色：京东超市自营的商品物流真是特别棒，昨天晚上买的，今天就到，特别好，"
3,"消化吸收：吸收消化非常好，非常容易吸收宝宝抵抗力强
营养配方：营养配方科学，A加b创新配方，更适合宝宝，富含钙铁锌，膳食纤维。
溶解性：非常非常好溶解，溶解度高，没有奶块。
正品验证：经过验证都是正品宝宝从小喝到大，非常放心。
其他特色：这款奶粉的特色就是非常非常好喝，香浓。
下雨天，快递师傅送来风雨无阻，5星好评
清火功效：宝宝喝了不上火，非常棒非常好。"
4,孩子第一盒奶粉就是这个，很不错，又买了新的回来了，还是一如既往的好，会一直喝下去。现在这种情况还是国产的东西靠谱，放心，所以选择了这个牌子给孩子吃，真的很不错，孩子也喜欢喝，奶粉就要买适合自己孩子的，这一款真心不错，值得购买
5,"正品验证：正品无疑，还送了一条丝巾，摸着感觉非常好，国光时刻。
营养配方：配方精准，全面。
消化吸收：消化吸收好，孩子从六个月一直在吃金领冠珍护奶粉，没有不良反应。
清火功效：火气还好，喝奶粉一定要多喝水。
溶解性：溶解性很好，四十八度温水，只需要稍稍一晃，即可溶解。"
6,"正品验证：应该是正品，一直比较信任京东，京东自营的还是不错的！
营养配方：营养配方应该是全的，咱也不是特别懂这方面，伊利属于大牌子，应该不会辜负我们的！
消化吸收：宝贝消化很好，拉的大便黄黄的，很好！
清火功效：这个不太懂！
溶解性：溶解性也还不错，多摇晃一会就完全溶解了！"
7,"正品验证：肯定正品。自营放心。
营养配方：自己孩子很适合。反正要买最适合自己的。
消化吸收：正常。小孩子没有消化不良的情况发生。
清火功效：不上火。体质问题因人而异。
溶解性：京东此款细腻易溶解，其他平台不一定的。
其他特色：京东特价。经常有小礼物可以赠送，快递很快，购买放心。"
8,"金领冠的这款奶粉，在京东上购买，很放心，是
正品，营养配方也很全面，宝宝喝了暂时没有出现不消化的情况，吸收的很好，宝宝喝了也没有上火，便便也非常通畅，喝的时候奶粉很快就溶解了，再就是京东物流也特别的快，快递小哥服务态度很好，好评！"
9,冲着牌子买的，包装很好没有一点破损，而且看了一下日期，日期也非常的新鲜，侄子很喜欢喝，很好溶解，不会出现挂壁的情况，味道也不会特别的香，属于可以接受的正常的奶香味，第一次买这个，侄子喝完还会回购，下次活动可以多囤一点！价格真的很美丽
10,奶粉收到了，可能因为疫情的原因，发货时间一再推迟，我联系了京东客服，说明了我这边的困难，京东客服很快的就给我解决了问题，当天晚上就给我发货了，真是不错，我这已经是第四次购买了，我家宝宝食用这款奶粉没有任何问题，也非常爱喝。这款礼盒装是最实惠的一款了，还赠送了两小罐，非常不错。
1,"正品验证：正品
营养配方：营养全面
消化吸收：比较好吸收
清火功效：不太上火
溶解性：50度直接溶解，好溶
其他特色：发货速度特别快，第二天就收到，没耽搁。伊利大品牌，比较信赖，宝宝没出去就选的这款，京东上买的方便还便宜，快捷"
2,跟母婴店是同款，正品验证过了，疫情期间给宝宝换奶粉了，怕她不爱喝，到货后冲了一杯，才发现我的顾虑是多余的，奶粉质地很细腻，水温合适基本倒进去直接就溶解掉了，冲调出来奶香味醇厚，宝宝很爱喝，也没有发现上火的现象，有活动的时候，价格非常优惠
3,宝宝喜欢喝，每次都喝得特别干净 营养配方：1段适合新生儿 消化吸收：宝宝从一开始混合喂养，母乳不够后，奶粉量增加，宝宝体重稳定增长 清火功效：现在宝宝基本全部喝奶粉，也有便秘的情况，大便正常 溶解性：除了放奶粉的时候挂在瓶身上的，很容易在水中溶解 其他特色：快递很及时，价格有时浮动搞活动时买，已购多次
4,这款奶粉不错，从宝宝生下来，从一段到二段一直都吃这个品牌的奶粉，京东经常有各种活动，可以抢各种神券，配合着各种神券，一起来购买，这款奶粉性价比相当的高，孩子也很喜欢吃不上火，肠胃方面也没有出过任何问题，到现在基本上还没有为过清火宝，所以清火功效还是蛮不错的。
5,反正孩子从出生开始就是在网上买的，肯定是正品，我们都九个月了，长得跟大个，也挺胖的，营养配方，很好消化吸收，宝贝只有在两个月左右的时候便秘过，后来一直很正常，不用特意稀释，溶解的也很好，一罐可以喝不到一星期
6,"正品验证：京东自营的品质值得放心，扫过码而且已经买过很多次了，肯定正品。
消化吸收：宝宝吃这个奶粉消化很正常，大便基本都是黄颜色。不容易便秘。
清火功效：宝宝很少上火。
溶解性：溶解性很好，吃完奶瓶很少挂壁。
其他特色：奶粉很细腻，味道也很甜，宝宝很爱吃。
金领冠值得购买哦"
7,今年4月开始一直在这里买，京东自营店非常信赖，肯定是正品。有活动就买，孩子很爱喝，消化也好，很清淡，不上火，挺好冲开的，这次活动买三桶还有赠品，一箱安慕希橙子菠萝味儿酸奶，一箱伊利纯牛奶，简直太惊喜了，真的很不错！
8,"趁着活动力度，昨晚在直播抢了劵，就赶紧囤货啦。一直在喝珍护的这款奶粉，宝宝消化好，而且也不上火。
溶解性：很好溶解，轻轻摇几下就能溶解了，也不会出现挂壁
宝宝现在10个月了，这些奶粉应该够喝到12个月啦，到时候再换三段奶粉。"
9,"溶解性：很好溶解，不会挂壁
消化吸收：宝宝吃了挺好的，没便秘也没拉稀，一切正常"
10,前几天奶粉有活动买来的及购买，这两天正好又有活动了抓紧又买了一箱子，一箱子三罐半真心实惠，京东大品牌值得信赖。孩子吃这奶粉也放心，出生到现在一直吃这奶粉，孩子吃了之后很活泼，建议家长有条件的话还是买好一点的奶粉。以后还会坚持。
1,以前家里的宝宝都是喝羊奶粉，因为牛奶蛋白过敏，现在宝宝已经三岁了，就想着给他换一款牛奶奶粉。所以选择了金领冠。相信谢娜的代言。当然宝宝喝了之后也挺好的，毕竟三岁了嘛，也没有过敏了，宝宝也很适应，也已经喝了好几罐呢。京东的质量一直都很相信的。
2,虽然是第二次购买，但收到货后第一件事还是检验了一下真伪，结果出来还是比较放心的，正品无疑。宝宝现在吃的很好，营养比较均衡，而且放入水中稍微晃动记下就完全溶解了，宝宝容易消化吸收，不会便秘，不会上火，推荐大家购买。
3,一直都在京东上买，给宝宝买的奶粉，六一有活动，第二天就送到了，很快，有优惠，比实体店还便宜，又方便，直接送到家，大爱，宝宝喝了不上火，买的珍护的，应该比其他系列的营养要好一点吧，宝宝爱喝，妈妈放心，呵呵呵呵呵
4,"正品验证：正品
营养配方：好
消化吸收：好
清火功效：好
溶解性：较差
其他特色：物流配送较快
金领冠珍护价格较便宜，做活动900g300元左右；物流较快，3天就可以到货；营养吸收较好，宝宝身体长得快；溶解性差，难溶于水，充奶粉时有残留吸附在奶瓶上；物美价廉，值得购买！"
5,我家大宝从开始喝奶粉就在京东买  一直喝的是珍护  喝到三岁半  孩子喜欢喝  老二现在10个多月  继续这个系列  消化好大便不干  家里的箱子瓶子堆积好多  前几天卖给收破烂的  纸箱子瓶子加起来还卖了四五十块钱  哈哈哈  之前很多都当垃圾扔了   以后可以存着卖破烂  还会继续京东购买  放心  一直喝到老二不喝为止
6,两岁前一直是母乳，中途也买过很多奶粉，儿子都不喝。断奶后一直喝的纯牛奶，儿子很喜欢。我儿不怎么喜欢吃饭，想到奶粉营造均衡一些。就给儿子又重新选奶粉，试了这个金领冠，他不怎么排斥。奶粉小朋友也比较适应，自营店有保障，到货也很快，推荐。
7,"正品验证：没验证
消化吸收：还阔以
清火功效：还阔以
溶解性：非常好
其他特色：奶味十足，很清晰。
日期很新，请继续保持，
下次继续购买。"
8,不用说，伊利金领冠珍护奶粉一如既往的质量很好，能积分。营养好，容易吸收好消化，这款珍护奶粉喝了不上火。宝宝爱喝。这次用了优惠券很合算。还有赠品，我选了保温杯，超级合算好用，店家一如既往的发货快，客服态度很好，京东快递超级给力，送货员一如既往的很好。
9,宝宝一直吃这个营养很好，消化吸收很好，营养配方合理，是正品清清火去供暖，其他特色很喜欢吃，宝宝特别爱吃，一直吃的，宝宝很聪明很可爱还会继续吃吃一直相信以利相信国产以利，真的很好，不是进口的，吸收消化好，合理。
10,"我们老大刚出生时就是吃的这个，珍护金领冠，现在老二依旧吃这个！是正品，依旧非常的相信京东，快递给力，快递员给力，最重要的是货的品质有保障。
消化吸收：孩子吃了大便正常，目前有点黄疸，排的很黄。
正品验证：验证了是正品，没有任何问题，时间也很近！"
1,"正品验证：罐子底下有码可以验证真伪。
营养配方：配方非常棒，营养全面，复合益生菌、膳食纤维、铁锌钙配比都很好。
消化吸收：我最看重的就是消化吸收很好，看消化吸收就看孩子的排便情况，真的非常好哦。
清火功效：不上火。
溶解性：易溶解，好冲泡。
其他特色：勺子上面的卡通娃娃头孩子很喜欢，哈哈哈。我家一直实力宠这款奶粉，一罐接一罐的买，伴随孩子健康成长。"
2,儿子和女儿都在喝金领冠的奶粉，大品牌值得信赖。女儿挺喜欢喝这款金领冠珍护奶粉的，女儿肠胃不是很好，容易便秘，喝了这款奶粉明显的变好许多。吸收很不错的，每次要买奶粉的时候就去直播间抢优惠券，然后再来购买就非常的划算了
3,"正品验证：上官网验证了的确是正品，我非常的放心。
营养配方：配方很适合我的小孩，用，添加了二油酸棕榈酸的可以让宝宝排便更轻松。
消化吸收：宝宝吃了之后效果非常的好，再也不会拉肚子了，我非常喜欢这个牌子的奶粉。
清火功效：清火效果好，非常的好。
溶解性：溶解性也很好，放一点水就能融进去了。"
4,溶解性：昨晚下单，今天就收到货。马上就开封冲了一杯，用勺子拌几下就溶解在水里。溶解性非常强。伊利值得信赖！
5,"其他特色：物流绝对得给个大赞。当天下单。第二天就到了。包装完好。里面附赠小勺子。且在盖子上有卡槽。用来放置勺子。不和奶粉接触。盖子自带密封。
营养配方：配方适合我家孩子。所以一直都是用金领冠奶粉。
溶解性：后加奶粉轻轻一晃非常容易溶解。不结块。
清火功效：喝这个奶粉不上火是最大的好处。"
6,"正品验证：买过很多次了，已经扫码，可以积分，活动来送了一桶小小的，还有赠品，哈哈感觉不错
溶解性：很好溶解，很好
营养配方：看的挺全的应该不错吧，毕竟是大品牌，信赖
消化吸收：宝宝喝的不错，大便也正常，我也喝了两口。味道很不错，挺好喝的还，哈哈哈哈"
7,"正品验证：从来没有验证过，不需要验证的，相信京东商城自营一定是正品，家里有3个孩子喝过，都是在京东买的啊。
营养配方：营养配方很全面的。孩子所需都有的。
消化吸收：好吸收，孩子大便正常。
清火功效：一直喝着，孩子没上过火呢都很好。
溶解性：挺好冲的，温水冲，晃晃就溶解了。
其他特色：送货速度超级快，服务态度很好。"
8,是正品没错了，拿回来扫码领取积分，宝宝一岁一个月断的奶，刚开始喝的贝因美，不仅挂壁还上火，后来听朋友说这款比较好，立马在母婴店买了一桶试试，消化吸收特别好，溶解性非常高，平时都是四五十左右的温开水，倒入几勺奶粉轻轻晃动奶瓶就溶解了，看着宝宝喜欢喝，立马就在京东自营店里面下单了，刚好接上哈哈哈????已经打了158个字了，应该可以了吧哈哈哈???????????
9,金领冠珍护奶粉营养丰富搭配均衡，自从宝宝十个月时朋友推荐一直在喝，营养好吸收，含调理肠胃的益生菌，宝宝吃了也不上火，溶解性很好，几乎没有沉瓶底现象，宝宝最开始喝的那款奶粉真的很难溶解，挂壁是常见现象，但珍护真的很好。而且盒装买很划得来，还赠送了两箱牛奶，不论是宝宝喝的奶粉还是送的两箱牛奶日期都很新，特殊时期快递小哥很给力，赞
10,"消化吸收：很好消化
清火功效：不上火
溶解性：特别容易
其他特色：宝宝吃了越来越可爱
正品验证：是正品
营养配方：健康
物流特别给力，第二天就到了。赞??"
1,一直在京东自营购买奶粉，是正品，罐低有追溯码，还可以积分，可以对礼品，优惠很多，还有直播间，可以学到很多育儿知识，店铺里面也有积分，礼品都是大牌子的，质量都很不错，珍护系列奶粉味道清淡，不上火，小孩吸收的很好，长的白白胖胖的。
2,"正品验证：京东发货，必属正品，真货。
营养配方：营养配方均衡，满足宝宝生长发育所需营养。
消化吸收：消化吸收比较好，宝宝从六个月开始就一直吃金领冠珍护奶粉，非常好。
清火功效：多喝水，应该没有什么上火了。
溶解性：溶解性相当好，47度的水，搁进去奶粉，即可溶解。"
3,是正品，罐子底部有二维码可以扫描积分，里面含有丰富的微量元素，益生元，宝宝消化容易吸收，溶解性很强，买套盒还有赠品，真是不错，这次活动一下屯了好些，奶源地是新西兰牧场采购，口味口味清淡贴合母乳，宝宝很爱喝
4,从小就喝金领冠，从1段喝到4段，小的时候试过很多牌子，最后就接受金领冠，金领冠相对于其他进口奶粉来说，没有腥味，比如什么美，什么赋都有很重的腥味。身边一些不喝奶粉的宝宝，我都推荐给他喝金领冠，买也方便。
5,"宝宝还没断母乳之前就几开始给加奶粉，选了好久最终选择这个牌子，吃了之后宝宝体重各方面指标都逐步提升了，很健康。宝宝也很爱喝，到时间就要，不需担心不喝的问题。
买这个也很方便，快递直接送到家门口，包装完好，日期也很新，拆开后质量也很好，没有起坨。"
6,"正品验证：已经扫码溯源了，是正品，而且可以积分。
营养配方：含的微量元素很全面，给宝宝买这个珍护，对肠道是比较好的，我家宝宝经常便秘，喝了它不容易便秘。
消化吸收：好吸收，易消化。
溶解性：溶解性特别好，冲奶粉的时候不容易挂壁。
其他特色：我家宝宝特别爱喝?，他一日三餐都不少吃，但我还会给它加一些奶粉，补充食物中不足的营养成分。"
7,看到价格合适又再次入手，物流还是很快，包装保护的也完美，服务态度也好，有囤货没有开封，品质应该是没的说，一直在这里购买，有正规发票，宝宝吃了消化不错，不上火，溶解很好，有淡淡的奶香，淡淡的甜味，宝宝很是喜欢！
8,已经登陆网站验证.本品是官方正品金领冠珍护系列，营养配方丰富，宝宝喝着舒服，不挑剔，不上火，溶解很快，没有沉淀物，物流发货很快
9,"正品验证：官方认证
营养配方：营养杠杠的
消化吸收：宝宝特别爱喝
清火功效：大便通畅，不上火
溶解性：冲奶很快就能化"
10,"正品验证：这是京东自营商城购买的，自营商城质量很好的，查验了是正品，日期也很新鲜。
营养配方：营养丰富，营养成分多，适合宝宝喝
消化吸收：这款消化吸收功能很好，宝宝喝了很有营养，能很好的吸收
清火功效：自带清火功能，也不用另外再加清火药
溶解性：泡奶溶解的很快，很满意"
1,"正品验证：应该是正品，这个还是比较放心的，孩子喝着和之前店里买的没有区别。
营养配方：营养配方就不用说了吧，毕竟伊利是****，最有实力的奶制品商。
消化吸收：孩子喝着很好，没有腹泻或大便干燥等问题。
清火功效：只能说好喝不上火。
其他特色：总之，这款奶粉很好，孩子也愿意喝。"
2,"【商品】伊利奶粉 金领冠珍护系列 较大婴儿配方奶粉 2段900克(6-12个月适用)
【评价】伊利老牌子了！现在去超市都少了，大部分奶粉都在这买！速度快是最大优点，要继续保持哦！其次质量有保证，平时在网上购物假货风险比较大，从这上买得放心，吃得安心，不用跑超市，而且优惠了很多！这次买的都挺满意的，值得信赖，很好，满意！推介购买！儿子喝得非常的香，很爱喝！！！！推介购买呀！！！！"
3,儿子从出生到现在，一直吃伊利珍护奶粉。从一段到现在吃到三段，从没出现大便发干或消化不良的现象非常好的奶粉。奶粉非常好溶解，只需要轻微晃动一下奶瓶就可以全部溶解。马上到春节了，上次买的三桶，儿子吃的很快感觉不太够，赶紧给儿子又加购了一桶
4,买了点，有优惠，比店里便宜不少。真假也不会看，应该是真的吧。宝宝的口粮，店家应该不会骗人的。否则，仅此一次，不会再回头买了。物流挺快的，包装也非常严实。今天还下雨，小哥给我送到家楼下，真的是很感动！好评吧！
5,"消化吸收：宝宝每次喝完都很舒服的睡觉，长得也壮壮的，没有出现任何的问题。
正品验证：打电话致电统一电话，查询是正品，可以放心食用
溶解性：放到温水里顺时针晃动很快就溶解，呈乳白色，喝起来味道棒棒哒。
营养配方：特别添加OPO宝宝喝了更有益于身体健康。
其他特色：家里已经数不清喝了多少桶了，继续支持"
6,这款奶粉从一档综艺节目的广告中看到的，孩子因为广告效益想要买来尝尝，奶粉的味道一般都是很甜的，现在配方奶粉营养比较均衡，孩子一直在坚持喝，希望能够给宝贝提供充足的营养，帮助健康成长！快递也很给力，包装很完整！
7,本来是打算先买一罐给儿子试吃的，老公让我直接买个两三罐（女儿吃的也是这款）！刚好看到买两罐送湿巾就直接买两罐了！之前我儿子吃飞鹤星飞帆的，总是上火.便秘，特别不爱吃辅食！后来换金领冠珍护的，好些了，辅食也爱了！奶粉，湿巾日期都很新鲜！
8,扫码每次都有积分，应该是正品没错。这款奶粉真的一点儿都不上火，宝宝喝了特别好。而且本人特别喜欢罐口和奶粉勺的设计，很人性化。唯一一点遗憾就是溶解性粉不是特别的好，其他方面真是挑不出任何毛病。另外就是一如既往的赞一下京东快递。不管是城区还是村里，都能次日达，棒棒哒！！快递小哥的服务态度也很好。
9,"正品验证：很好正品
营养配方：很好
消化吸收：宝宝喜欢喝
清火功效：不上火
溶解性：很好溶解40度水正好
其他特色：宝宝爱喝比什么都重要，不爱喝配方再好也没用，这个牌子的奶粉我们宝宝最爱喝，市面上几乎所有的牌子都喝过这款最受宝宝欢迎，宝宝喝了胖乎乎的很健康，拉屎也顺畅。好评"
10,活动期间囤的货，都说伊利奶粉对肠胃非常的好，买了几盒，她之前吃的是启赋蓝钻一只拉绿色的臭臭，希望喝伊利金领冠珍护能够改善宝宝臭臭问题，宝宝爱喝的话，也一直继续购买，主要成分里没有香精。这样长期给宝宝喝也很放心。
1,从第一段向第二段进行过度，绝对正品，每桶都能进行扫码积分，注赠品180g不能进行积分。孩子和这款奶粉5个月零20天，一直很好，从营养吸收到便便表现完美。逐渐向奶爸方向发展，从零到一百，慢慢成长。希望宝宝健康成长，会一直喝这款奶粉。加油！
2,"正品验证：是正品
营养配方：很不错
消化吸收：易消化易吸收
清火功效：宝宝吃了从来不便秘上火
溶解性：挺不错的
其他特色：质感细腻"
3,买京东自营，送货就是快，下午下单，第二天就到了。谢娜代言广告的奶粉！溶解性非常好，倒好水，再放上奶粉，晃动奶瓶三、四下，奶粉就溶解了。京东包装也很好，到货完整，没有破损送，变形。快寄员很有礼貌！这次的价格也不错，非常满意的一次网购。
4,"营养配方： 营养全面，安全放心
消化吸收： 宝宝喝完好吸收，不便秘，不上火
奶粉非常好，之前宝宝喝的其他牌子的奶粉，一直拉绿便，不长肉，后来换成珍护，就都正常了，果然是好奶粉！喝珍护，是我做的最正确的决定！每次买的奶粉日期都很新鲜，店铺经常有促销活动和优惠券，价格合理，值得购买哦！现在宝宝正在转二段，奶粉囤起来吧！"
5,是正品，宝宝很好吸收，喝了以后不上火，宝宝很爱喝
6,伊利奶粉，真的很好以前宝贝便秘，拉不出来粑粑，喝了这个奶粉后再也不便秘了，味道也很好。大宝小宝一直都喝这个牌子的奶粉
7,京东买的这款伊利奶粉 金领冠珍护系列 幼儿配方奶粉 3段900克（1-3岁幼儿适用）收到了，京东快递也是一如既往的快，包装完好，里面的东西 也没有任何的损坏或者缺漏。买了一个来试试。选的是这款，与商品详情描述的一模一样。也没有任何的损坏或者缺漏，量足，与商品详情描述的一模一样，日期很新鲜吃了还想吃，根本停不下来，准备多入手几个，，以备不时之需。客服耐心很好，帮我解决了好多问题，谢谢。
8,溶解性：溶解性很好，易溶解，无挂壁，非常好，宝宝从一岁开始喝珍护，现在快四岁了，依然坚持喝珍护，希望给他的是适合他的，是更好的奶粉！这次是买了寄回老家了，还没看，不过应该没问题，希望一如既往的好！积分没看到，等回家后再积分
9,正品，消化吸收好，溶解性好，孩子从出生就开始吃这个品牌的奶粉专门为亚洲宝宝设计，很满意
10,一直在在买金领冠珍护的奶粉，孩子出生到现在了一直吃这个奶粉一直很好，冲奶粉的时候没有出现小疙瘩。还有各种孩子体质成长的有益成份，真的很棒，京东物流也很快，昨天晚上下单，第2天一早就送到了。奶粉的价格也比超市优惠很多。信赖京东大品牌。希望一直保持品质和服务。
1,宝宝一直喝伊利金领冠奶粉，长得特别好，小孩奶粉最关键是放心，我觉得现在国产奶粉是没有问题的。宝宝从8个月开始断掉母乳，喝珍护系列从来不上火，珍护系列是最接近母乳的，里面含有opo结构，而且网上买奶粉也很方便安全，完全没有任何顾虑
2,看了那么多奶粉还是觉得国产可靠，国产还是伊利金领冠最可靠，奶粉味道甜味淡很适合小宝宝断奶的时候就给她喝，我宝宝10个月段母乳试了好几种奶粉她都不喝，知有伊利金领冠珍护她喜欢喝，而且不上火，奶粉很容易溶解，也不会挂壁非常满意会一直买。
3,挺好的，验证了是正品，还没有给孩子吃，吃完追评吧，送货超级快，在京东自营店已经买了很多次奶粉了，都没有买到假货，真是太靠谱了
4,孩子出生一直喝的金领冠珍护产品，很适合宝宝的一款奶粉，国内排行榜第一的奶粉确实更给力，配方也是特别适合婴儿的一款。我会一直支持伊利金领冠珍护产品。加油?，中国加油，武汉加油，伊利加油，金领冠加油！喝喝喝
5,"正品验证：罐底有溯源码哦，可以直接扫描，对于京东自营还是很信赖的
营养配方：孩子出生不久就喝这款了，很不错哦，opo Dha各种营养比较全面哦
消化吸收：孩子消化挺好的，很少会消化不良
清火功效：这款奶粉不上火哦，夏天可以多给宝宝喂点水
溶解性：溶解挺快的，只需要摇几下就就可以了！"
6,"溶解性：很快溶解，无结块。添加很多维生素啥的
消化吸收：宝宝吸收很好，没有便秘和拉肚子。"
7,正品验证：金领冠珍护性价比高，营养全面，易吸收，宝宝喝了不会上火，非常的信赖，3岁以上宝宝也需要奶粉，奶粉搭配主食，营养才会更加的全面，奶粉我选择珍护，可能不是最贵的，但就是最适合他的，京东服务一流，物流非常的给力，信赖京东自营
8,"正品验证：购买后可以积分，绝对正品
消化吸收：孩子喝了之后，拉粑粑正常！
其他特色：口感好，不像其他的口味太甜
清火功效：肠道吸收，排便正常
溶解性：速溶的，"
9,两个宝宝一直喝伊利金领冠系列奶粉，觉得确实不错，味道好宝宝喜欢，易吸收长的很好，没坏肚子等不良反应，比较信赖，尤其是珍护非常好。希望企业坚持品牌和品质，努力做一家国际乳制品企业，成为国人的骄傲。一定要坚持品质，做企业、做产品！
10,"我家俩京东账号都在用优惠券买金领冠，哈哈哈
9年前我家大宝儿子吃的就是金领冠，当时孩子吃的就很好，孩子吃得非常胖，上学了也聪明，当时网购还没这么方便，都是实体店买，现在真是太方便了，网京东上优惠也大，配送速度也快，当天下单，第二天就能收到货。这老二闺女没出生我就给她准备上金领冠，冲时容易溶解，这吃了10多天，宝宝不排斥，喝了不上火，孩子大便也好，吸收也是非常好。"
1,"正品验证：有追溯码和积分码，扫了下是正品。有时候在商场买的他们把标签接下来扫了积分再用胶水粘上去真的很无语。
营养配方：金领冠的奶粉还是适合中国宝宝的，不错。
消化吸收：消化当年还好，排便很正常。没有上火的情况。
溶解性：溶解性也很好，一下子就溶解了，没有出现成块的现象。"
2,"正品验证：奶粉是正品，
营养配方：奶粉含OP0
含1.3-二油酸-2-棕榈酸甘油三酯，含核苷酸
消化吸收：宝宝吃了吸收很好，消化也好
清火功效：而且宝宝一直吃这款奶粉也不上火，里面有清火功效
溶解性：奶粉一到奶瓶里溶解很快也不会起团
其他特色：反正这款奶粉非常好，跟母乳很相近，妈妈们买了这款奶粉决对不会后悔，希望京东自营越来越好"
3,宝宝三段奶粉选了很多，最终锁定珍护。确实不错，宝宝一直喝，不上火不便秘，宝宝很爱喝，活动价格超级划算
4,第二次购买，挺好的，使用了优惠券，便宜了好多，比超市里便宜。定制的新年纸盒，很喜庆，很有年味。
5,一直买小罐的，这次买了个大罐的，跟小罐奶粉一样。京东自营的是正品，奶粉口感很好，孩子很喜欢喝，孩子出生以后一直喝的这个，也没上火，严格按照标准来就可以，味道清淡，也不腥。京东物流也方便，今天买隔天到，不用担心孩子断粮问题。
6,包装好，密封完整，奶粉口感好，微甜，溶解快，宝宝爱喝，奶味特别浓
7,还是之前的感觉，哈哈，顺滑入口，孩子喜欢，大人省心，喝了不上火挺好的，绝对值，比进口的好，相信国产，支持我的国，加油，加油，中国奶粉，家里喝的纯奶也是伊利的，很好，很棒，孩子喝的很健康，很壮的，哈哈哈哈哈哈嗝
8,搞活动时候买的，超级划算，之前给儿子喝的金领冠睿护，儿子也很喜欢，这次碰上珍护搞活动，就想着试试，没想到儿子更喜欢这个味道！以前一天两顿，现在都能喝三四壶，而且每次喝的量也增多了！下次喝完还会给他买珍护，虽然睿护也挺好！
9,宝宝从出生一直喝这个品牌的奶粉，最近断奶了，喝得更多了，很不错，跟从孕婴店里买的一样，京东物流派送非常快，第二天就收到货了，宝宝很喜欢，儿子11个月扶着东西可以走路了
10,"营养配方：含膳食纤维，膳食纤维有助于维持正常肠道功能，
清火功效：含核苷酸，
正品验证：原料全脂奶粉来源于新西兰，
溶解性：好冲调，易溶解，
消化吸收：易消化，好吸收，
其他特色：宝宝爱喝，妈妈放心，
京东品质，值得信赖，活动优惠力度大，非常不错，特殊时期一次多囤几罐，满意"
1,很好溶解，很好充，奶味很浓，特别香甜，有点像旺仔牛奶的味道，孩子很爱喝
2,"国产奶粉当中很信任的品牌，给朋友家孩子买的，一直在喝这款。
营养配方：配方很好，适合小孩子喝。
消化吸收：容易消化吸收，而且包装很好，密封性很好。口感也不错，孩子爱喝。
清火功效：孩子喝完不上火啊，效果很好。
溶解性：很容易溶解
一直在京东买东西，包括孩子大人用的，都很好。"
3,"正品验证：这款奶粉已经成为我们的第一选择了，是正品，可以积分
营养配方：配方科学合理，孩子也很喜欢喝，是宝宝的重要口粮，营养丰富，值得信赖
消化吸收：消化吸收的作用还是挺好的，没有出现便秘问题
清火功效：没有出现上火的问题。
溶解性：奶粉入水还是很好溶解的"
4,"正品验证：查询了一下跟母婴店买的一样是正品。
营养配方：营养配方很全面，含有独有的专利配方。
消化吸收：消化吸收方面挺好，觉得宝宝吃了消化的很好，没什么其他的不适。
清火功效：宝宝吃了没有上火，也没有便秘的现象，这款奶粉应该不上火。
溶解性：挺好溶解的，温开水一冲就可以喝了。
其他特色：刚好遇到京东搞活动，优惠很多，所有又给宝宝屯了奶粉，京东自营物流速度超级快，购物体验非常好。"
5,第二次买这种套餐了，有送两罐180g 小罐，和一个小礼物。比单买一罐划算。是正品，已经验证积分。容易消化，不上火，很容易溶解。京东快递很给力，每次都在京东上买，很喜欢。积分还可以换礼物。大宝小宝都是喝金领冠
6,是正品的，我购物最相信京东，所以看到活动毫不犹豫的就买了，日期也是最新的，说明京东销量还是很大的，拿货都是最新日期的，我觉得宝宝喝这款奶粉还是挺好的，不上火易消化，之前大宝一直买进口奶粉，各种进口换遍了，效果都不好，现在二宝一直喝国产的，我觉得中国宝宝还是得喝中国奶粉！
7,我家宝宝今年快四岁了一直喝这款奶粉棒棒哒，之前一直喝的睿护的3段非常好，孩子喜欢喝也不上火。这次买了四段的，才打开喝，效果怎么样后期再追评，不过物流超快给好评
8,"正品验证：验证了一下，买的奶粉是正品，我家宝宝很喜欢喝，十天就喝一罐
营养配方：配方很有营养，我家宝宝都养胖了，21斤的大胖宝宝
消化吸收：我家宝宝吸收的不错?
清火功效：我家宝宝喝了很久了，没有上过火，还是很好的
溶解性：倒好水。放上奶粉，摇一摇，很快就溶解了
其他特色：很喜欢这个品牌，我很喜欢谢娜，喜欢她de代言"
9,"消化吸收：宝宝喜欢  拉的臭臭消化很好
清火功效：这个宝宝不太爱喝水 尿尿有点点黄  比起别的奶粉好
溶解性：很好溶解
营养配方：我以前吃的国外的贵宝宝也不爱喝 现在喝这个伊利珍护价格能接受宝宝也爱喝"
10,非常棒的奶粉。宝宝吃目前看很不错。大便顺畅，好像生长发育也挺好的，目测又高了，?超同龄人了
1,"宝贝还可以，京东活动时候买的，到货速度很快，价格很实惠，活动力度大，用起来也很方便，一直在京东购入，真心的不错，超级大爱，超级大赞！信赖京东！
正品验证：正品，让人放心的！
溶解性：不错，冲来摇一摇就溶解了！
清火功效：宝宝吃着不热，我觉得木毛病"
2,宝宝还没有出生就已经选定伊利金领冠这个品牌的奶粉，细节尽享品牌之大气。泡泡散的特别快，而且甜度几乎没有。宝妈有时候不够，都是混合喂养，一点也不担心宝宝以后只喝牛奶不要母乳了。因为真的比母乳甜度还低。后来宝妈慢慢母乳足够了。宝宝也很快的习惯喝母乳了。倡导母乳喂养，接近母乳配方。宝宝喝的开心，妈妈买的放心。
3,犀利，国产奶粉的大品牌，应该是值得信奈的。最近准备给宝宝转奶，一直犹豫买什么奶粉比较好，身边好多朋友推荐了犀利，据说很不错，纠结来纠结去准备来试试。。。目前，还没开始吃，希望宝宝喜欢，到时候用过了再来评论
4,我家宝宝一岁后就一直喝这款奶粉，味道清淡，宝宝喝了不上火，谢娜代言的，大品牌，这也是我们一直选择这款奶粉的原因，身边的朋友好多也是给宝宝买的这款奶粉，评价都很好，宝宝吸收的也很好。伊利金领冠珍护从营养各方面来说都是给孩子不错的选择。
5,宝宝没出生时候就备的这个奶粉 国产奶粉也就属金领冠了 珍护这一款口感好 溶解也好 富含*p* dha等营养成分 目前宝宝两个月 因为是混合喂养 喝了两桶了 密封性好 奶源好 宝宝喝起来很放心 有的宝妈说上火 可能是孩子体质问题 因为我们老大也是喝的这个 目前三岁了 都没事 老二喝这个也没有上火 9**克装的可以多喝几天 京东日期也新鲜 当天买下午到 很方便
6,这个奶粉我宝已经吃了四个多月了，在吃差不多三罐就该转奶粉了，如无意外还会继续回购珍护二段，吃着很放心。最近也可能是冲奶粉更熟练了，特别容易冲开，晃两下就好了，没有疙瘩。宝宝吃着长得也很好，胖乎乎的，一切都健康，身体指标长得也好，不会上火便秘。勺子的设计也挺好的，很方便。
7,家里3个孩子都在喝伊利金领冠珍护，双胞胎女儿，小儿子，半年前我换了这个奶粉，他们都更喜欢喝，晚上出去玩，回家，就跟我要牛奶，喝完都说，我爱牛奶，家里面3个孩子在喝，双十一活动，买了好多，希望活动常有，3个喝，喝得很快，期待双十二活动，送的玩具也很喜欢
8,"营养配方：营养丰富，吃着放心
消化吸收：宝宝吃了吸收不是很好
溶解性：：很好，冲着很方便"
9,已验证，奶粉完全正品，跟之前在店里买的一样，还可以积分，物流更是给力，在这个疫情特殊时期，京东是最让人放心的，质量有保证，关键是还能保证这么快送达保证宝宝的口粮，太不容易了，必须赞赞赞赞赞赞！这些都是这段时间和老公从京东买的奶粉，太壮观了哈哈
10,听朋友介绍的国产里不错的一款奶粉  之前一直喝美素佳儿  感觉喝到2段感觉特别甜  索性就给宝宝换了这款伊利的  口感很好 不是很甜 宝宝很快就适应了  而且特别容易溶解  以后就认定这款奶粉了  还会继续回购
1,消化吸收：宝宝喝了一段时间，消化很好，也没因为换奶粉出现不舒服，以后就选这款了
2,伊利自己品牌退出的奶粉！我还看过那个节目，叫做妻子的浪漫旅行！有谢娜，章子怡，汪峰，宝贝儿，还有几个忘了，很好看！她们还去了金领冠的奶源地，在新西兰那里，看着天好蓝啊！超出的奶粉也就好，直供国内，又赶上伊利的品牌日，真的真的超级实惠啊！一年都赶不上这么便宜！太高兴了！还有米兔和豆浆机！
3,好评献上！金领冠奶粉好评！京东好评！已经在京东无数次的购买金领冠奶粉了。宝宝已经喝了一年半金领冠奶粉了，质量杠杠的，宝宝也挺爱喝的，不得不说大品牌就是值得信赖。绿色健康，营养，易消化易吸收。喝完还会再次购买的。
4,大宝、二宝、三宝都喝这个金领冠珍护奶粉，一直很信赖伊利奶粉品牌，口味有点偏甜一点，其它都很好，宝宝也爱喝这个品牌的奶粉。溶解性很好，吃了大便不干不上火，消化吸收很不错。一直以来用京东自营买的东西，购物正品有保障，物流快又送到家门口，服务态度好，会一直支持购买的。
5,在这特殊时期京东还一直坚守，为快递小哥们点赞?。包装的很好，奶粉没有磕碰，最满意的是日期非常新鲜，扫码验证都是正品。淡淡的奶香味，宝宝爱喝，里面还添加了增强抵抗力、肠道益生菌、防便秘物质，宝宝喝着也挺长肉。这次下单还赠了一箱安慕希，日期也是很新，谢谢！
6,六年前生我儿子时候，因为奶水不够，就给儿子喝的伊利金领冠，当然当时还没有珍护，因为我觉得伊利奶粉是国产的，而且是大厂家，质量肯定保证，我就一直给儿子喝的金领冠，从一段，二段，三段，一直到现在儿子六岁了，我还给他买的伊利的学生营养奶粉，现在家里添了二宝，闺女刚出生奶水还没下来，只能又要添加奶粉，现在奶粉品牌太多了，最终我还是选择了伊利，因为给儿子喝过，有保证，现在新出了金领冠珍护，价钱虽然比以前的金领冠贵点，但是里面营养成分又多了很多，而且在京东商城买经常会有秒杀价，非常划算，会一直回购的，支持国产伊利，相信伊利品牌。
7,超级实惠的一次购物哦，外赠小罐装的方便携带，还有一听舒化奶，一听酸奶。味道超级好，宝宝们相当喜欢！之前一直在店里买，优惠太少，活动也不给力，这次网购让我很欢喜，还没开盖，原来的剩下一天的量了，喝了新的会追评哦！
8,"营养配方：还不错
消化吸收：宝宝能接受
清火功效：不会上火
溶解性：水温正常不会不溶解
宝宝一岁以后一直喝的奶粉，没什么不良反应，宝宝也爱喝，略甜，之前都买的进口，觉得还是给孩子吃点国产的，也很安全，优惠活动的时候很划算！希望是个值得信赖的品牌"
9,"清火功效：给力
营养配方：很好
消化吸收：宝宝吸收很好
溶解性：特好"
10,我们家宝一直是纯母乳 九月份想给她断奶 一直都不知道要选择什么奶粉 亲戚家小孩喝的这个 说很不错 把店铺推荐给了我 买了一罐给宝宝试试 姐妹俩一起喝 大宝说非常好喝 二宝喝其它奶粉都不 这个竟然喝 需要的可以下单给宝贝们试试
1,"正品验证：官方旗舰店买的肯定不是假货，相信京东的品质
营养配方：这款奶粉营养配方各方面都很均衡非常好
消化吸收：宝宝容易消化吸收，没有不良反应
清火功效：喝了不上火，便便也很正常
溶解性：溶解性也很好，挂壁也均匀
其他特色：线上产品和线下产品质量一样，没有差异，而且有优惠还能便宜点！支持国产奶粉"
2,娃娃从出生就吃的这个牌子的奶粉，首先感觉国产的奶粉，现在标准越来越高了，检验检疫机构对奶粉的安全性越来越重视，小孩才出生很瘦，现在比标准值还高点，不知道跟奶粉有没有关系，有优惠活动的时候，感觉很不错，送很多东西，价格也实惠，希望这个奶粉越做越好，做到世界知名的品牌！
3,"正品验证：有质量保证
消化吸收：宝宝吸收好
清火功效：喝了不上火
其他特色：口感很好，
孩子很喜欢喝，不是特别甜"
4,"正品验证：绝对正品
营养配方： 营养全面，安全放心
消化吸收： 宝宝喝完好吸收，不便秘，不上火
奶粉非常好，之前宝宝喝的其他牌子的奶粉，一直拉绿便，不长肉，后来换成珍护，就都正常了，果然是好奶粉！喝珍护，是我做的最正确的决定！每次买的奶粉日期都很新鲜，店铺经常有促销活动和优惠券，价格合理，值得购买哦！现在宝宝刚转二段，奶粉囤起来吧！"
5,"正品验证：正品行货，国产大品牌，值得信赖，比较放心。
营养配方：营养丰富，能满足生长发育的各种营养需求，专为国人体质研发配方，更适合国人体质。外国品牌并不见得就比国产的好。
消化吸收：易消化，宝宝喝完很高兴。
溶解性：非常容易溶解，不结块，宝宝更爱喝。
其他特色：包装优秀，罐子用料好，盖子密封好，易开关。"
6,我家孩子自从出生就在喝这款伊利金领冠珍护奶粉，现在一岁多了，还在喝这款，没换过其他牌子的，孩子已经习惯了这个味道，特别喜欢喝，每次都要喝一奶瓶，这款奶粉营养配比完全符合国家标准，更有利于孩子的消化吸收，而且喝了不上火哦，一直都是在京东上买的，是正品，比在超市和孕婴店里便宜好多，京东上真的是很实惠，良心卖家，信赖京东
7,"正品验证：多次购买，品质有保障！
孩子以前都是进口奶粉，1岁前美赞臣，1岁后和雅培菁智，自从贸易战后更换为伊利金领冠睿护，然后3岁后珍护4段，孩子身体倍棒，非常满意，国产奶粉，赞一个！
其他特色：900克装，比母婴店的800克实惠！"
8,当前的情况，还是京东好啊，买东西送的很快，大人吃啥都行，孩子还小，奶粉米粉少不了，最近都不太方便出去买东西，又给孩子屯了一个月的，希望快点过去，大家都**安安的，感谢京东快递小哥，坚持给我们送货，辛苦了
9,"宝宝已经吃完了，特来评价，没有任何不良反应，宝宝也很喜欢吃。
正品验证：买回来查询了国家物联网标识管理公共平台，能够查询到追溯码，应该是正品
营养配方：配方不错好有OPO,DHA,牛磺酸，核苷酸，对比很多牌子才选的珍护
消化吸收：含有复合益生菌，吃完一整罐没有任何上火，便秘。"
10,从宝宝断奶开始就喝这个奶粉，从来没有上过火。味道很清淡很好，宝宝喜欢喝。是正品来的，可以积分。然后营养方面也很好，消化能力也很好。已经无数次回购了。支持国产，支持伊利。昨天六一。一下囤了十几罐。有活动价格很给力。
1,非常满意，做活动便宜很多。刚跟小朋友换个品牌，口味还适合，相比别的品牌罐装700.800克，伊利900克非常厚到。京东大平台，快递售后有保障，五星！
2,"正品验证：珍品啊⊙▽⊙。呵呵
孩子一直喝这款奶粉。就是大便比较干，不知道是不是与之有关。其他都很好。很健康快乐！！哈哈这次活动很合适。比在超市买合适多了。下次再来。"
3,"消化吸收：宝宝吃了很好吸收
清火功效：从来没上火
溶解性：很好溶解
其他特色：宝宝一直很喜欢吃
营养配方：营养很全面
正品验证：验证过是真品
吃着放心，宝宝一出生就在用这款，非常好。自己也尝过.这里买的和店里一样. 而且经常有活动，很优惠"
4,收到货后，我孩子喝了两天才来评价。儿童奶粉在开水杯里，溶解速度还可以，关键是没有一团一团的小粉团，至于营养配方，我觉得和孩子之前喝的奶粉差不多。喝了几天了，见孩子拉屎也挺顺畅。最后就是生产日期，还特别好，这也是我觉得最好的地方。
5,"这款奶粉宝宝已经吃了九个多月了，一直都很好
正品验证：是正品，伊利官方积分都能充值得上去
营养配方：配方好，OPO结构脂和核苷酸是其它奶粉少有的
消化吸收：消化吸收都不错，大便是正常的
清火功效：很少上火
溶解性：溶解速度相当快"
6,活动买的。价格很给力，还送了赠品安慕希酸奶，很好喝，宝宝马上要换2段奶粉了，对比了很多品牌，最终选择了伊利金领冠的2段，清淡，易吸收，好消化，没有添加香精，这点我最喜欢，这个礼盒得挺好，以后就都喝伊利金领冠的了！
7,b不记得这是第几次买了反正宝宝从出生就一直吃这个牌子的呢奶粉，吸收好易消化宝宝很喜欢吃的很开心！
8,支持国产奶粉，消化非常好！尤其京东商城送货到家！十分方便！口感也特别清淡！分量也很足！产品质量很好！总之，值得购买！
9,"正品验证：保证是正品，孩子很喜欢
营养配方：完全符合中国宝宝所需，孩子体重增长的非常好
消化吸收：孩子很少有吐奶现象，排便正常无奶瓣，算是很好消化的
清火功效：孩子不易上火
溶解性：用55度的水冲泡非常好溶解
其他特色：老大就一直喝这个牌子值得信赖的大品牌，赶上活动性价比很高"
10,这个奶粉非常好，我们家3个小孩都喝这个奶粉，这个奶粉好喝，吸收好接近母乳喝了不上火不便秘，溶解快没有泡沫奶粉好喝没有异味，孩子喝这个奶粉我觉得挺聪明的。现在老三两个多月，母乳不足，就喝这个奶粉了，希望优惠多多，多搞活动。
1,孩子奶粉就剩一点了，着急用，要第二天就能到的，看来看去。只有京东自营的可以，果断下单，果然第二天就到了，扫描二维码验证是正品，孩子一直喝这个奶粉，容易消化吸收，味道孩子也喜欢，奶粉很细腻，容易溶解，孩子喝了也不上火，非常好
2,从宝宝一出生就在用的奶粉，宝宝现在已经一周半了。伊利金领冠品牌值得信赖，宝宝喝了不上火而且溶解性很好没有奶块，腥味比较淡，宝宝很爱喝。奶粉粉质细腻，微甜。包装很严实带小勺子很方便，品质放心，发货物流很快，值得信赖，很满意。
3,宝宝已经吃了几罐这个伊利珍护奶粉啦！含有创**白质，吸收真的很好，吃这个奶粉不上火排便规律。溶解性很好，不挂壁，会一直给宝宝吃下去的，同时也会介绍给身边的朋友。一段的奶粉，如果能像二段三段的奶粉能送点宝宝的玩具，那就更加完美了。客服态度很好，物流也很快，必须赞
4,"正品验证：购买后已经积分！
消化吸收：宝宝喝完之后胖乎乎的，没有涨肚吐奶等症状！并且这款奶粉味道清淡，绝对不会甜到齁嗓子！我家宝宝特别爱喝！
清火功效：从一段喝到三段，从来没有更换过其他品牌的奶粉，最主要的一点就是宝宝的便便正常！
溶解性：常温40℃的水，速溶，没有出现过分层等现像产生"
5,这款奶粉，我都买了不知道多少次了，孩子从出生就开始喝了，一直是超标的长个长壮，现在九个月都78了，这也是超过正常最高值的，我个子不高，期待宝宝一直这样长下去，这个奶粉营养真的很好，一直以奶粉为主，添加辅食比较少，大人吃什么给他吃什么，胃口也很好，六个月稳稳的会坐，九个月扶着站起来一点问题没有
6,昨天下的单，今天就到货了。已经验证了积分，非常好，积分还能换东西，打算给儿子换一个小凉席。大宝喝到四段了，小宝开始喝二段。口味稍微甜一点。现在小宝一天可以喝四百毫升了。这次做活动，囤了三箱，还送了三件安慕希牛奶，非常划算
7,一直在他们家买的奶粉，娃很喜欢喝，也不上火，生产日期也是比较新的，价格也很实惠，奶粉也比较细腻，营养很平衡，给孩子喝，很放心，老大也喜欢喝，一罐4天就喝完了，一直认准这款奶粉，真的很喜欢，物流也超级棒，快递小哥哥每次都送货上门，态度也非常的好，客服服务到位，非常满意
8,"溶解性：溶解性很不错，泡出来的奶很香，很好喝，小宝非常喜欢
正品验证：验证过的，是官方正品
发货速度很快，当天上午10点下单，下午3点半就派送了，小宝已经喝了七八罐了，都是在京东自营店买的，非常满意！值得信赖！"
9,一直喝这个 还挺好的 珍护的日期也都不错 挺新的日期 而且京东自营都是正品 还送货上门 物流很快 基本可以做到隔日送达 一点也不耽误事 珍护富含opo 主打肠道好吸收 含有多种维生素 挺棒的！！！！！！
10,"清火功效：这款奶粉符合国内宝宝的口味，家里的小宝贝非常喜欢，食量大增。不是那种齁甜的奶粉，宝宝喝了不会上火。
溶解性：温水冲好摇一摇就溶解了，很方便，不结块。
正品验证：验证过，京东奶粉正品有保障，我家宝贝是靠京东养大的
营养配方：添加了多种营养元素，有助于宝宝健康成长。"
