伊利奶粉 金领冠系列 幼儿配方奶粉 3段1200克特惠三联装新包装（1-3岁幼儿适用）新老包装随机发货SKU：1100526,1100526,Y001
伊利奶粉 金领冠系列 幼儿配方奶粉 3段960克（1-3岁幼儿适用）新老包装随机发货SKU：3300145,3300145,Y001
伊利奶粉 金领冠系列 儿童配方奶粉 4段900克（3-6岁儿童适用）新老包装随机发货SKU：1072077,1072077,Y001
伊利奶粉 金领冠系列 儿童配方奶粉 4段400克（3-6岁儿童适用）新老包装随机发货SKU：1072078,1072078,Y001
伊利奶粉 金领冠系列 婴儿配方奶粉 1段400克（0-6个月婴儿适用）新老包装随机发货SKU：497495,497495,Y001
伊利奶粉 金领冠系列 婴儿配方奶粉 1段 900克(0-6个月婴儿适用)新老包装随机发货SKU：497496,497496,Y001
伊利奶粉 金领冠系列 幼儿配方奶粉 3段900克（1-3岁幼儿适用）新老包装随机发货SKU：497505,497505,Y001
伊利奶粉 金领冠系列 较大婴儿配方奶粉 2段960克(6-12个月适用)新老包装随机发货SKU：3300187,3300187,Y001
伊利 奶粉 迪士尼松松联名款 金领冠系列 3段礼盒 960g*4SKU：100010480400,100010480400,Y001
伊利奶粉 金领冠系列 较大婴儿配方奶粉 2段400克(6-12个月较大婴儿适用)新老包装随机发货SKU：497500,497500,Y001
伊利奶粉 金领冠系列 较大婴儿配方奶粉 2段900克（6-12个月较大婴儿适用）新老包装随机发货SKU：497501,497501,Y001
伊利奶粉 金领冠系列 幼儿配方奶粉 3段400克新升级（1-3岁幼儿适用）新老包装随机发货SKU：497504,497504,Y001
伊利奶粉 金领冠系列 幼儿配方奶粉（1-3岁幼儿适用）3段960克*6听（整箱装）新老包装随机发货SKU：100002285554,100002285554,Y001
伊利奶粉 金领冠系列 幼儿配方奶粉 3段1200克特惠三联装新包装*4（1-3岁幼儿适用）新老包装随机发货SKU：100004785707,100004785707,Y001
伊利奶粉 金领冠系列 幼儿配方奶粉 3段960克（1-3岁幼儿适用）SKU：100003519807,100003519807,Y001
伊利奶粉 金领冠系列 儿童配方奶粉 4段400克（3-6岁儿童适用）SKU：100003519809,100003519809,Y001
伊利奶粉 金领冠系列 幼儿配方奶粉（1-3岁幼儿适用） 3段900克*6听（整箱装）新老包装随机发货SKU：100001837302,100001837302,Y001
伊利奶粉 金领冠系列 幼儿配方奶粉 3段1200克特惠三联装新包装（1-3岁幼儿适用）SKU：100005853184,100005853184,Y001
伊利奶粉 金领冠系列 儿童配方奶粉 4段900克（3-6岁儿童适用）SKU：100003519805,100003519805,Y001
伊利奶粉 金领冠系列 幼儿配方奶粉 3段900克（1-3岁幼儿适用）新老包装随机发货SKU：100009327852,100009327852,Y001
伊利奶粉 金领冠系列 较大婴儿配方奶粉 2段400克(6-12个月较大婴儿适用)SKU：100003519813,100003519813,Y001
伊利奶粉 金领冠系列 幼儿配方奶粉 3段960克*4（1-3岁幼儿适用）新老包装随机发货SKU：100009831854,100009831854,Y001
伊利奶粉 金领冠系列 幼儿配方奶粉 3段900克（1-3岁幼儿适用）SKU：100005853202,100005853202,Y001
伊利奶粉 金领冠系列 幼儿配方奶粉 3段400克新升级（1-3岁幼儿适用）SKU：100005853188,100005853188,Y001
伊利奶粉 金领冠系列 较大婴儿配方奶粉 2段960克(6-12个月适用)SKU：100003519811,100003519811,Y001
伊利奶粉 金领冠系列 幼儿配方奶粉（1-3岁幼儿适用）3段960克*6听（整箱装）SKU：100005853180,100005853180,Y001
伊利奶粉 金领冠系列 较大婴儿配方奶粉 2段900克（6-12个月较大婴儿适用）SKU：100005853186,100005853186,Y001
伊利奶粉 金领冠系列 幼儿配方奶粉（1-3岁幼儿适用） 3段900克*6听（整箱装）SKU：100005853158,100005853158,Y001
伊利奶粉 金领冠系列 幼儿配方奶粉 3段900克（1-3岁幼儿适用）新老包装随机发货SKU：100003227397,100003227397,Y001
伊利奶粉 金领冠系列 婴儿配方奶粉 1段 900克(0-6个月婴儿适用)新老包装随机发货SKU：100003227395,100003227395,Y001
伊利奶粉 金领冠系列 婴儿配方奶粉 1段 900克(0-6个月婴儿适用)新老包装随机发货SKU：100009327854,100009327854,Y001
伊利奶粉 金领冠系列 儿童配方奶粉 4段900克（3-6岁儿童适用）新老包装随机发货SKU：100005267752,100005267752,Y001
伊利奶粉 金领冠系列 较大婴儿配方奶粉 2段900克（6-12个月较大婴儿适用）新老包装随机发货SKU：100003227393,100003227393,Y001
伊利奶粉 金领冠系列 较大婴儿配方奶粉 2段900克（6-12个月较大婴儿适用）新老包装随机发货SKU：100005261965,100005261965,Y001
伊利奶粉 金领冠系列 幼儿配方奶粉 3段1200克特惠三联装新包装（1-3岁幼儿适用）新老包装随机发货SKU：100005286192,100005286192,Y001
伊利奶粉 金领冠系列 儿童配方奶粉 4段900克（3-6岁儿童适用）新老包装随机发货SKU：100009327832,100009327832,Y001
伊利奶粉 金领冠系列 儿童配方奶粉 4段400克（3-6岁儿童适用）新老包装随机发货SKU：100005261961,100005261961,Y001
伊利奶粉 金领冠系列 幼儿配方奶粉 3段960克（1-3岁幼儿适用）新老包装随机发货SKU：100009327856,100009327856,Y001
伊利奶粉 金领冠系列 儿童配方奶粉 4段400克（3-6岁儿童适用）新老包装随机发货SKU：100005267782,100005267782,Y001
伊利金领冠系列 幼儿配方奶粉 3段960克*2 JOY定制版 AR京喜涂鸦宝盒SKU：6963067,6963067,Y001
伊利奶粉 金领冠系列 婴儿配方奶粉 1段400克（0-6个月婴儿适用）新老包装随机发货SKU：100009327830,100009327830,Y001
伊利奶粉 金领冠系列 幼儿配方奶粉（1-3岁幼儿适用）3段960克*6听（整箱装）新老包装随机发货SKU：100009327844,100009327844,Y001
伊利奶粉 金领冠系列 较大婴儿配方奶粉 2段960克(6-12个月适用)新老包装随机发货SKU：100009327834,100009327834,Y001
伊利奶粉 金领冠系列 幼儿配方奶粉（1-3岁幼儿适用） 3段900克*6听（整箱装）新老包装随机发货SKU：100009327828,100009327828,Y001
伊利奶粉 金领冠系列 较大婴儿配方奶粉 2段400克(6-12个月较大婴儿适用)新老包装随机发货SKU：100009327850,100009327850,Y001
伊利奶粉 金领冠珍护系列 幼儿配方奶粉 3段900克（1-3岁幼儿适用）新老包装随机发货SKU：3300169,3300169,Y002
伊利奶粉 金领冠珍护系列 婴儿配方奶粉 1段900克(0-6个月婴儿适用)新老包装随机发货SKU：3300157,3300157,Y002
伊利奶粉 金领冠珍护系列 较大婴儿配方奶粉 2段900克(6-12个月适用)新老包装随机发货SKU：3730266,3730266,Y002
伊利奶粉 珍护系列 儿童配方奶粉 4段900克（3-6岁儿童适用）SKU：7127340,7127340,Y002
伊利奶粉 金领冠珍护系列 幼儿配方奶粉 3段900克*3听+3段405克*1听（1-3岁幼儿适用）SKU：100004323180,100004323180,Y002
伊利奶粉 金领冠珍护系列 婴儿配方奶粉 1段405 克(0-6个月婴儿适用)新老包装随机发货SKU：4155063,4155063,Y002
伊利 奶粉 迪士尼松松联名款 珍护3段礼盒 900g*3 赠珍护3段180g*2+迪士尼正品玩偶SKU：100010484482,100010484482,Y002
伊利金领冠宝可梦系列礼盒珍护3段礼盒 900g*3赠405g*1（红黄包装随机发货）SKU：100008909326,100008909326,Y002
伊利奶粉 金领冠珍护系列 幼儿配方奶粉 3段405克（1-3岁幼儿适用）新老包装随机发货SKU：2232198,2232198,Y002
伊利金领冠宝可梦系列礼盒珍护2段礼盒 900g*3赠405g*1SKU：100005050975,100005050975,Y002
伊利奶粉 金领冠珍护系列 幼儿配方奶粉 3段180克（1-3岁幼儿适用）（非卖品）SKU：100003122990,100003122990,Y002
伊利奶粉 金领冠珍护系列 较大婴儿配方奶粉 2段405克(6-12个月适用)新老包装随机发货SKU：4155061,4155061,Y002
伊利奶粉 金领冠珍护系列 较大婴儿及幼儿配方奶粉 2段180克(6-12个月适用)（非卖品）SKU：100001358704,100001358704,Y002
伊利奶粉 金领冠珍护系列 幼儿配方奶粉 3段900克*3听+3段180克*2听（1-3岁幼儿适用）SKU：100006120191,100006120191,Y002
伊利奶粉 金领冠珍护系列 幼儿配方奶粉 （3段405克*2）（1-3岁幼儿适用）SKU：100007769906,100007769906,Y002
伊利奶粉 金领冠珍护系列 幼儿配方奶粉（1-3岁幼儿适用） 3段900克*6听（整箱装）新老包装随机发货SKU：100001393357,100001393357,Y002
伊利奶粉 金领冠珍护系列 较大婴儿配方奶粉 2段900克*3+2段180g*2听(6-12个月适用) 新老包装随机发货SKU：100002773925,100002773925,Y002
伊利奶粉 金领冠珍护系列 幼儿配方奶粉 3段900克（1-3岁幼儿适用）SKU：100005667658,100005667658,Y002
伊利奶粉 珍护系列 儿童配方奶粉 4段900克SKU：100005853206,100005853206,Y002
伊利奶粉 金领冠珍护系列 幼儿配方奶粉（1-3岁幼儿适用） 3段900克*6听（整箱装）SKU：100005853178,100005853178,Y002
伊利奶粉 金领冠珍护系列 较大婴儿配方奶粉2段900克+2段180克*2(6-12个月适用)SKU：100010821182,100010821182,Y002
伊利奶粉 金领冠珍护系列 较大婴儿及幼儿配方奶粉(6-12个月适用) 2段900克*6听（整箱装）新老包装随机发货SKU：100001837274,100001837274,Y002
伊利奶粉 金领冠珍护系列 较大婴儿配方奶粉 2段900克(6-12个月适用)SKU：100003427575,100003427575,Y002
伊利奶粉金领冠珍护系列 幼儿配方奶粉 3段900克*3听+3段405克*1听（1-3岁幼儿适用）SKU：100003519795,100003519795,Y002
伊利奶粉 金领冠珍护系列 较大婴儿及幼儿配方奶粉(6-12个月适用) 2段900克*6听（整箱装）SKU：100005853156,100005853156,Y002
伊利奶粉 金领冠珍护系列 幼儿配方奶粉 3段405克（1-3岁幼儿适用）SKU：100003519799,100003519799,Y002
伊利奶粉 金领冠珍护系列 较大婴儿配方奶粉 （2段405克*2）(6-12个月适用)SKU：100004480843,100004480843,Y002
伊利奶粉 金领冠珍护系列 婴儿配方奶粉 1段405 克(0-6个月婴儿适用)新老包装随机发货SKU：100009327860,100009327860,Y002
伊利奶粉 金领冠珍护3段 艺术家Pat Lee联名定制款礼盒（900g*1+JOY蓝牙定制音箱*1）SKU：100008004350,100008004350,Y002
伊利奶粉 金领冠珍护系列 较大婴儿配方奶粉 2段405克(6-12个月适用)SKU：100005853174,100005853174,Y002
伊利奶粉 金领冠系列 妈妈配方奶粉 900克+妈妈粉180克*2+珍护系列1段180克*1SKU：100010821166,100010821166,Y002
伊利奶粉 金领冠珍护系列 幼儿配方奶粉 3段900克（1-3岁幼儿适用）新老包装随机发货SKU：100005267756,100005267756,Y002
伊利奶粉 金领冠珍护系列 幼儿配方奶粉 3段405克（1-3岁幼儿适用）新老包装随机发货SKU：100009327840,100009327840,Y002
伊利奶粉 金领冠珍护系列 较大婴儿配方奶粉 2段405克(6-12个月适用)新老包装随机发货SKU：100005261975,100005261975,Y002
伊利奶粉 金领冠珍护系列 幼儿配方奶粉 3段900克（1-3岁幼儿适用）新老包装随机发货SKU：100002143633,100002143633,Y002
伊利奶粉 金领冠珍护系列 较大婴儿及幼儿配方奶粉 2段180克(6-12个月适用) 试用装SKU：100010087252,100010087252,Y002
伊利奶粉 金领冠珍护系列 较大婴儿配方奶粉 2段900克(6-12个月适用)SKU：100003119931,100003119931,Y002
伊利奶粉 金领冠珍护系列 幼儿配方奶粉 3段180克（1-3岁幼儿适用）试用装SKU：100010087238,100010087238,Y002
伊利奶粉 金领冠珍护系列 较大婴儿配方奶粉1段900克+1段180克*2(0-6个月适用)SKU：100010821114,100010821114,Y002
伊利奶粉 金领冠珍护系列 较大婴儿配方奶粉 2段900克(6-12个月适用)新老包装随机发货SKU：100005267762,100005267762,Y002
伊利奶粉 金领冠珍护系列 幼儿配方奶粉 3段900克（1-3岁幼儿适用）SKU：100005053382,100005053382,Y002
伊利奶粉 金领冠珍护系列 婴儿配方奶粉 1段900克(0-6个月婴儿适用)新老包装随机发货SKU：100009327884,100009327884,Y002
伊利奶粉 金领冠珍护系列 较大婴儿配方奶粉 2段900克(6-12个月适用)新老包装随机发货SKU：100003101874,100003101874,Y002
伊利奶粉 金领冠珍护系列 较大婴儿配方奶粉 2段900克*3+2段405g*1听(6-12个月适用)SKU：100005853164,100005853164,Y002
伊利奶粉 珍护系列 儿童配方奶粉 4段900克（3-6岁儿童适用）SKU：100003227407,100003227407,Y002
伊利奶粉 金领冠珍护系列 婴儿配方奶粉 1段180克(0-6个月婴儿适用)（非卖品）SKU：100003122980,100003122980,Y002
伊利奶粉 金领冠珍护系列 较大婴儿配方奶粉 2段405克(6-12个月适用)试用装（非卖品）SKU：100002154181,100002154181,Y002
伊利奶粉 金领冠珍护 幼儿配方奶粉1段900克+1段405g（0-6个月婴儿适用）SKU：100009558736,100009558736,Y002
伊利奶粉 金领冠珍护3段900克 B.Duck萌宝珍享礼盒SKU：100003519815,100003519815,Y002
伊利奶粉 金领冠珍护系列 幼儿配方奶粉 3段405克（1-3岁幼儿适用）试用装（非卖品）SKU：100002154179,100002154179,Y002
伊利奶粉 金领冠珍护3段900克 B.Duck萌宝珍享礼盒SKU：100003519817,100003519817,Y002
伊利奶粉 金领冠珍护3段900克 B.Duck萌宝珍享礼盒（4罐装）SKU：100000401749,100000401749,Y002
【伊利母婴自营旗舰店赠品】珍护-B.Duck软胶两用保温水壶SKU：7352526,7352526,Y002
伊利奶粉 金领冠珍护3段900克 B.Duck萌宝珍享礼盒（2罐装）SKU：100000401763,100000401763,Y002
伊利奶粉 金领冠珍护系列 较大婴儿及幼儿配方奶粉(6-12个月适用) 2段900克*6听（整箱装）新老包装随机发货SKU：100005261959,100005261959,Y002
伊利奶粉 金领冠珍护系列 幼儿配方奶粉（1-3岁幼儿适用） 3段900克*6听（整箱装）新老包装随机发货SKU：100005261957,100005261957,Y002
伊利奶粉 金领冠珍护系列 较大婴儿配方奶粉 2段900克+2段405g(6-12个月适用)SKU：100009831866,100009831866,Y002
伊利奶粉 金领冠珍护系列 幼儿配方奶粉 3段900克*3听+3段405克*1听（1-3岁幼儿适用）SKU：100009327826,100009327826,Y002
【伊利母婴自营旗舰店赠品】珍护-B.Duck 亲子帆布包套装SKU：7566489,7566489,Y002
伊利奶粉 金领冠珍护系列 较大婴儿配方奶粉 3段900克+3段180g*2(1-3岁幼儿适用)SKU：100009558766,100009558766,Y002
伊利奶粉 金领冠珍护系列 较大婴儿配方奶粉 2段900克*3+2段405g*1听(6-12个月适用)SKU：100005261955,100005261955,Y002
伊利奶粉 金领冠珍护系列 婴儿配方奶粉 1段900克(0-6个月婴儿适用)新老包装随机发货SKU：100005267786,100005267786,Y002
伊利奶粉 金领冠珍护系列 幼儿配方奶粉 1段405克（1-3岁幼儿适用）试用装（非卖品）SKU：100003122978,100003122978,Y002
【伊利母婴自营旗舰店赠品】珍护-B.Duck 潮宝口水巾SKU：7566475,7566475,Y002
伊利奶粉 金领冠珍护系列 幼儿配方奶粉 3段900克*3听+赠3段405克*1听（1-3岁幼儿适用）礼盒装SKU：100002755389,100002755389,Y002
伊利奶粉 金领冠珍护系列 婴儿配方奶粉 1段180克(0-6个月婴儿适用)（试饮装）SKU：100010625868,100010625868,Y002
伊利奶粉 金领冠菁护（原呵护）系列 幼儿配方奶粉 3段800克（1-3岁幼儿适用）新老包装随机发货SKU：3709802,3709802,Y003
伊利奶粉 金领冠菁护（原呵护）系列 较大婴儿配方奶粉 2段800克（6-12个月适用）新老包装随机发货SKU：3279961,3279961,Y003
伊利奶粉 金领冠菁护（原呵护）系列 婴儿配方奶粉 1段800克（0-6个月婴儿适用）新老包装随机发货SKU：3709720,3709720,Y003
伊利奶粉 金领冠菁护（原呵护）系列 幼儿配方奶粉 3段800克（1-3岁幼儿适用）SKU：100005853190,100005853190,Y003
伊利奶粉 金领冠菁护（原呵护）系列 较大婴儿配方奶粉 2段800克（6-12个月适用）SKU：100005853204,100005853204,Y003
伊利奶粉 金领冠菁护（原呵护）系列 幼儿配方奶粉 3段800克（1-3岁幼儿适用）新老包装随机发货SKU：100003227401,100003227401,Y003
伊利奶粉 金领冠菁护（原呵护）系列 婴儿配方奶粉 1段800克（0-6个月婴儿适用）新老包装随机发货SKU：100005267750,100005267750,Y003
伊利奶粉 金领冠菁护（原呵护）系列 较大婴儿配方奶粉 2段800克（6-12个月适用）新老包装随机发货SKU：100003227399,100003227399,Y003
伊利奶粉 金领冠菁护（原呵护）系列 婴儿配方奶粉 1段800克（0-6个月婴儿适用）新老包装随机发货SKU：100005261969,100005261969,Y003
伊利奶粉 金领冠睿护 幼儿配方奶粉3段900克（1-3岁幼儿适用）新西兰原装原罐进口 含乳铁蛋白SKU：4939068,4939068,Y004
伊利奶粉 金领冠睿护系列 较大婴儿配方奶粉 2段900克*3听+2段405*1听SKU：100007717020,100007717020,Y004
伊利奶粉 金领冠睿护系列 较大婴儿乳铁蛋白配方奶粉 2段900克(6-12个月适用)SKU：4939084,4939084,Y004
伊利奶粉 金领冠睿护系列 新西兰原装原罐进口 含乳铁蛋白 1段900克(0-6个月适用)SKU：4939072,4939072,Y004
伊利奶粉 金领冠睿护系列 婴儿配方奶粉1段405克(0-6个月婴儿适用)新西兰原装进口SKU：100002755391,100002755391,Y004
伊利奶粉 金领冠睿护 幼儿配方奶粉3段405克（1-3岁幼儿适用）新西兰原装进口SKU：100004323196,100004323196,Y004
伊利奶粉 金领冠睿护 幼儿配方奶粉3 段900克*3听+3段405*1听SKU：100007717032,100007717032,Y004
伊利奶粉 金领冠睿护系列 较大婴儿配方奶粉 2段405克(6-12个月适用) 新西兰原装进口SKU：100004323178,100004323178,Y004
伊利奶粉 金领冠睿护 幼儿配方奶粉3段405克（1-3岁幼儿适用）新西兰原装进口 试用装SKU：100007717042,100007717042,Y004
伊利奶粉 金领冠睿护 幼儿配方奶粉3段900克（1-3岁幼儿适用）SKU：100003427571,100003427571,Y004
伊利奶粉 金领冠 睿护 幼儿配方奶粉 3段 艺术家Pat Lee联名定制款礼盒（900g*1+JOY蓝牙定制音箱*1）SKU：100007716848,100007716848,Y004
伊利奶粉 金领冠睿护系列 较大婴儿配方奶粉 2段900克(6-12个月适用)SKU：100005667656,100005667656,Y004
伊利奶粉 金领冠睿护 幼儿配方奶粉3段405克（1-3岁幼儿适用）新西兰原装进口SKU：100009327836,100009327836,Y004
伊利奶粉 金领冠睿护系列 较大婴儿配方奶粉 2段405克(6-12个月适用) 新西兰原装进口SKU：100009327838,100009327838,Y004
伊利奶粉 金领冠睿护系列 婴儿配方奶粉1段405克(0-6个月婴儿适用)新西兰原装进口SKU：100009327858,100009327858,Y004
伊利奶粉 金领冠睿护系列 较大婴儿配方奶粉 2段405克(6-12个月适用) 新西兰原装进口 试用装SKU：100007717034,100007717034,Y004
伊利奶粉 金领冠睿护系列 较大婴儿配方奶粉 2段900克(6-12个月适用)SKU：100005088068,100005088068,Y004
伊利奶粉 金领冠睿护 幼儿配方奶粉1段900克+1段405g（1-6个月婴儿适用）SKU：100005513241,100005513241,Y004
伊利奶粉 金领冠睿护系列 较大婴儿配方奶粉 2段900克+2段405g(6-12个月适用)SKU：100009832666,100009832666,Y004
伊利奶粉 金领冠睿护 幼儿配方奶粉3 段900克*3听+3段405*1听SKU：100009327820,100009327820,Y004
伊利奶粉 金领冠睿护系列 婴儿乳铁蛋白配方奶粉1段900克(0-6个月婴儿适用)新西兰原装原罐进口 含乳铁蛋白SKU：100005261973,100005261973,Y004
伊利奶粉 金领冠睿护 幼儿配方奶粉）SKU：100008891228,100008891228,Y004
伊利奶粉 金领冠睿护系列 较大婴儿配方奶粉 2段900克*3听+2段405*1听SKU：100009327842,100009327842,Y004
伊利奶粉 沛能系列（原金装） 幼儿配方奶粉 3段1200克超值三联包新包装（1-3岁幼儿适用）新老包装随机发货SKU：1139014,1139014,Y005
伊利奶粉 沛能系列（原金装） 幼儿配方奶粉 3段1200克超值三联包新包装（1-3岁幼儿适用）SKU：100003519803,100003519803,Y005
伊利奶粉 沛能系列（原金装） 儿童配方奶粉 4段900克新升级（3-6岁儿童适用）新老包装随机发货SKU：1071557,1071557,Y005
伊利奶粉 沛能系列（原金装） 较大婴儿配方奶粉 2段900克(6-12个月较大婴儿)新老包装随机发货SKU：497498,497498,Y005
伊利奶粉 沛能系列（原金装） 较大婴儿配方奶粉 2段900克(6-12个月较大婴儿)SKU：100005853182,100005853182,Y005
伊利奶粉 沛能系列（原金装） 幼儿配方奶粉 3段900克新升级（1-3岁幼儿适用）SKU：100003519801,100003519801,Y005
伊利奶粉 沛能系列（原金装） 幼儿配方奶粉 3段900克新升级（1-3岁幼儿适用）新老包装随机发货SKU：497503,497503,Y005
伊利奶粉 沛能系列（原金装） 婴儿配方奶粉 1段(0-6个月婴儿适用) 900克新老包装随机发货SKU：497494,497494,Y005
伊利奶粉 沛能系列（原金装） 婴儿配方奶粉 1段400克(0-6个月婴儿适用)新老包装随机发货SKU：497493,497493,Y005
伊利奶粉 沛能系列（原金装） 幼儿配方奶粉 3段1200克超值三联包新包装（1-3岁幼儿适用）新老包装随机发货SKU：100005261967,100005261967,Y005
伊利奶粉 沛能系列（原金装） 较大婴儿配方奶粉 2段400克（6-12个月较大婴儿适用）新老包装随机发货SKU：497497,497497,Y005
伊利奶粉 金领冠系列 塞纳牧幼儿有机配方奶粉礼盒 （3段800g*1+有机彩棉浴巾*1）（12-36个月幼儿适用）SKU：100006002964,100006002964,Y006
伊利奶粉 金领冠系列 塞纳牧幼儿有机配方奶粉 3段180g（12-36个月幼儿适用）SKU：100006491802,100006491802,Y006
伊利奶粉 金领冠系列 塞纳牧较大婴儿有机配方奶粉 2段800g（6-12个月适用）SKU：100006002934,100006002934,Y006
伊利奶粉 金领冠系列 塞纳牧幼儿有机配方奶粉 3段800g（12-36个月幼儿适用）试饮装SKU：100006491786,100006491786,Y006
伊利奶粉 金领冠系列 塞纳牧较大婴儿有机配方奶粉 2段180g（6-12个月适用）试饮装SKU：100003838811,100003838811,Y006
伊利奶粉 金领冠系列 塞纳牧幼儿有机配方奶粉 3段800g（12-36个月幼儿适用）SKU：100006002960,100006002960,Y006
伊利奶粉 金领冠系列 塞纳牧婴儿有机配方奶粉 1段800g（0-6个月婴儿适用）SKU：100003594297,100003594297,Y006
伊利奶粉 金领冠系列 塞纳牧较大婴儿有机配方奶粉 2段405g（6-12个月适用）SKU：100006002954,100006002954,Y006
伊利奶粉 金领冠系列 塞纳牧婴儿有机配方奶粉 1段405g（0-6个月婴儿适用）SKU：100006002932,100006002932,Y006
伊利奶粉 金领冠系列 塞纳牧幼儿有机配方奶粉 3段405g（12-36个月幼儿适用）SKU：100006002958,100006002958,Y006
伊利奶粉 金领冠系列 塞纳牧幼儿有机配方奶粉 3段405g（12-36个月幼儿适用）试饮装SKU：100006491788,100006491788,Y006
伊利 金领冠 塞纳牧 有机奶粉 幼儿奶粉 3段 艺术家Pat Lee联名定制款礼盒（800g*1+JOY蓝牙定制音箱*1）SKU：100007716850,100007716850,Y006